"../../../Engine/Content/EditorResources/S_Actor.ubulk" 0
"../../../Engine/Content/EditorResources/S_Actor.uasset" 1
"../../../Engine/Content/EditorResources/S_Actor.uexp" 2
"../../../Engine/Content/EditorResources/S_BoxReflectionCapture.uasset" 3
"../../../Engine/Content/EditorResources/S_BoxReflectionCapture.uexp" 4
"../../../Engine/Content/EngineResources/DefaultTexture.ubulk" 5
"../../../Engine/Content/EngineResources/DefaultTexture.uasset" 6
"../../../Engine/Content/EngineResources/DefaultTexture.uexp" 7
"../../../Engine/Content/EngineResources/DefaultTextureCube.uasset" 8
"../../../Engine/Content/EngineResources/DefaultTextureCube.uexp" 9
"../../../Engine/Content/EngineResources/DefaultVolumeTexture2D.uasset" 10
"../../../Engine/Content/EngineResources/DefaultVolumeTexture2D.uexp" 11
"../../../Engine/Content/EngineResources/DefaultVolumeTexture.uasset" 12
"../../../Engine/Content/EngineResources/DefaultVolumeTexture.uexp" 13
"../../../Engine/Content/EditorResources/S_Trigger.ubulk" 14
"../../../Engine/Content/EditorResources/S_Trigger.uasset" 15
"../../../Engine/Content/EditorResources/S_Trigger.uexp" 16
"../../../Engine/Content/EditorResources/S_TriggerBox.uasset" 17
"../../../Engine/Content/EditorResources/S_TriggerBox.uexp" 18
"../../../Engine/Content/EditorResources/S_TriggerCapsule.uasset" 19
"../../../Engine/Content/EditorResources/S_TriggerCapsule.uexp" 20
"../../../Engine/Content/EditorResources/S_TriggerSphere.uasset" 21
"../../../Engine/Content/EditorResources/S_TriggerSphere.uexp" 22
"../../../Engine/Content/EngineMeshes/Sphere.ubulk" 23
"../../../Engine/Content/EngineMeshes/Sphere.uasset" 24
"../../../Engine/Content/EngineMeshes/Sphere.uexp" 25
"../../../Engine/Content/EngineResources/GradientTexture0.uasset" 26
"../../../Engine/Content/EngineResources/GradientTexture0.uexp" 27
"../../../Engine/Content/EngineResources/Black.uasset" 28
"../../../Engine/Content/EngineResources/Black.uexp" 29
"../../../Engine/Content/VREditor/LaserPointer/VR_LaserPower_01.ubulk" 30
"../../../Engine/Content/VREditor/LaserPointer/VR_LaserPower_01.uasset" 31
"../../../Engine/Content/VREditor/LaserPointer/VR_LaserPower_01.uexp" 32
"../../../Engine/Content/VREditor/TransformGizmo/TransformGizmoMaterial.uasset" 33
"../../../Engine/Content/VREditor/TransformGizmo/TransformGizmoMaterial.uexp" 34
"../../../Engine/Content/VREditor/TransformGizmo/TranslucentTransformGizmoMaterial.uasset" 35
"../../../Engine/Content/VREditor/TransformGizmo/TranslucentTransformGizmoMaterial.uexp" 36
"../../../Engine/Content/VREditor/TransformGizmo/BoundingBoxCorner.ubulk" 37
"../../../Engine/Content/VREditor/TransformGizmo/BoundingBoxCorner.uasset" 38
"../../../Engine/Content/VREditor/TransformGizmo/BoundingBoxCorner.uexp" 39
"../../../Engine/Content/VREditor/TransformGizmo/BoundingBoxEdge.ubulk" 40
"../../../Engine/Content/VREditor/TransformGizmo/BoundingBoxEdge.uasset" 41
"../../../Engine/Content/VREditor/TransformGizmo/BoundingBoxEdge.uexp" 42
"../../../Engine/Content/VREditor/TransformGizmo/Main.uasset" 43
"../../../Engine/Content/VREditor/TransformGizmo/Main.uexp" 44
"../../../Engine/Content/VREditor/TransformGizmo/Xray.uasset" 45
"../../../Engine/Content/VREditor/TransformGizmo/Xray.uexp" 46
"../../../Engine/Content/VREditor/TransformGizmo/SM_Sequencer_Node.ubulk" 47
"../../../Engine/Content/VREditor/TransformGizmo/SM_Sequencer_Node.uasset" 48
"../../../Engine/Content/VREditor/TransformGizmo/SM_Sequencer_Node.uexp" 49
"../../../Engine/Content/EditorResources/S_Solver.ubulk" 50
"../../../Engine/Content/EditorResources/S_Solver.uasset" 51
"../../../Engine/Content/EditorResources/S_Solver.uexp" 52
"../../../Engine/Content/EditorMaterials/Camera/CineMat.uasset" 53
"../../../Engine/Content/EditorMaterials/Camera/CineMat.uexp" 54
"../../../Engine/Content/EditorMaterials/Camera/MI_CineMat_Rig.uasset" 55
"../../../Engine/Content/EditorMaterials/Camera/MI_CineMat_Rig.uexp" 56
"../../../Engine/Content/EditorMeshes/Camera/SM_CraneRig_Base.ubulk" 57
"../../../Engine/Content/EditorMeshes/Camera/SM_CraneRig_Base.uasset" 58
"../../../Engine/Content/EditorMeshes/Camera/SM_CraneRig_Base.uexp" 59
"../../../Engine/Content/EditorMeshes/Camera/SM_CraneRig_Arm.ubulk" 60
"../../../Engine/Content/EditorMeshes/Camera/SM_CraneRig_Arm.uasset" 61
"../../../Engine/Content/EditorMeshes/Camera/SM_CraneRig_Arm.uexp" 62
"../../../Engine/Content/EditorMeshes/Camera/SM_CraneRig_Mount.ubulk" 63
"../../../Engine/Content/EditorMeshes/Camera/SM_CraneRig_Mount.uasset" 64
"../../../Engine/Content/EditorMeshes/Camera/SM_CraneRig_Mount.uexp" 65
"../../../Engine/Content/EditorMeshes/Camera/SM_CraneRig_Body.ubulk" 66
"../../../Engine/Content/EditorMeshes/Camera/SM_CraneRig_Body.uasset" 67
"../../../Engine/Content/EditorMeshes/Camera/SM_CraneRig_Body.uexp" 68
"../../../Engine/Content/EditorMeshes/Camera/SM_RailRig_Track.ubulk" 69
"../../../Engine/Content/EditorMeshes/Camera/SM_RailRig_Track.uasset" 70
"../../../Engine/Content/EditorMeshes/Camera/SM_RailRig_Track.uexp" 71
"../../../Engine/Content/EditorMeshes/Camera/SM_RailRig_Mount.ubulk" 72
"../../../Engine/Content/EditorMeshes/Camera/SM_RailRig_Mount.uasset" 73
"../../../Engine/Content/EditorMeshes/Camera/SM_RailRig_Mount.uexp" 74
"../../../Engine/Content/EngineMaterials/T_Default_Material_Grid_M.ubulk" 75
"../../../Engine/Content/EngineMaterials/T_Default_Material_Grid_M.uasset" 76
"../../../Engine/Content/EngineMaterials/T_Default_Material_Grid_M.uexp" 77
"../../../Engine/Content/EngineMaterials/T_Default_Material_Grid_N.ubulk" 78
"../../../Engine/Content/EngineMaterials/T_Default_Material_Grid_N.uasset" 79
"../../../Engine/Content/EngineMaterials/T_Default_Material_Grid_N.uexp" 80
"../../../Engine/Content/Functions/Engine_MaterialFunctions01/Opacity/CameraDepthFade.uasset" 81
"../../../Engine/Content/Functions/Engine_MaterialFunctions01/Opacity/CameraDepthFade.uexp" 82
"../../../Engine/Content/EngineMaterials/WorldGridMaterial.uasset" 83
"../../../Engine/Content/EngineMaterials/WorldGridMaterial.uexp" 84
"../../../Engine/Content/ArtTools/RenderToTexture/Meshes/S_1_Unit_Plane.ubulk" 85
"../../../Engine/Content/ArtTools/RenderToTexture/Meshes/S_1_Unit_Plane.uasset" 86
"../../../Engine/Content/ArtTools/RenderToTexture/Meshes/S_1_Unit_Plane.uexp" 87
"../../../Engine/Content/EditorMaterials/ParticleSystems/PSysThumbnail_NoImage.ubulk" 88
"../../../Engine/Content/EditorMaterials/ParticleSystems/PSysThumbnail_NoImage.uasset" 89
"../../../Engine/Content/EditorMaterials/ParticleSystems/PSysThumbnail_NoImage.uexp" 90
"../../../Engine/Content/EditorMaterials/ParticleSystems/PSysThumbnail_OOD.ubulk" 91
"../../../Engine/Content/EditorMaterials/ParticleSystems/PSysThumbnail_OOD.uasset" 92
"../../../Engine/Content/EditorMaterials/ParticleSystems/PSysThumbnail_OOD.uexp" 93
"../../../Engine/Content/EditorLandscapeResources/SplineEditorMeshMat.uasset" 94
"../../../Engine/Content/EditorLandscapeResources/SplineEditorMeshMat.uexp" 95
"../../../Engine/Content/EditorLandscapeResources/SplineEditorMesh.ubulk" 96
"../../../Engine/Content/EditorLandscapeResources/SplineEditorMesh.uasset" 97
"../../../Engine/Content/EditorLandscapeResources/SplineEditorMesh.uexp" 98
"../../../Engine/Plugins/Media/MediaPlate/Content/SM_MediaPlateScreen.ubulk" 99
"../../../Engine/Plugins/Media/MediaPlate/Content/SM_MediaPlateScreen.uasset" 100
"../../../Engine/Plugins/Media/MediaPlate/Content/SM_MediaPlateScreen.uexp" 101
"../../../Engine/Content/EngineMaterials/DefaultBokeh.uasset" 102
"../../../Engine/Content/EngineMaterials/DefaultBokeh.uexp" 103
"../../../Engine/Content/EngineMaterials/MiniFont.uasset" 104
"../../../Engine/Content/EngineMaterials/MiniFont.uexp" 105
"../../../Engine/Content/EngineMaterials/WeightMapPlaceholderTexture.uasset" 106
"../../../Engine/Content/EngineMaterials/WeightMapPlaceholderTexture.uexp" 107
"../../../Engine/Content/EngineMaterials/WeightMapArrayPlaceholderTexture.uasset" 108
"../../../Engine/Content/EngineMaterials/WeightMapArrayPlaceholderTexture.uexp" 109
"../../../Engine/Content/EngineMaterials/DefaultWhiteGrid.ubulk" 110
"../../../Engine/Content/EngineMaterials/DefaultWhiteGrid.uasset" 111
"../../../Engine/Content/EngineMaterials/DefaultWhiteGrid.uexp" 112
"../../../Engine/Content/EngineMaterials/PreintegratedSkinBRDF.uasset" 113
"../../../Engine/Content/EngineMaterials/PreintegratedSkinBRDF.uexp" 114
"../../../Engine/Content/Functions/Engine_MaterialFunctions02/WorldPositionOffset/CameraOffset.uasset" 115
"../../../Engine/Content/Functions/Engine_MaterialFunctions02/WorldPositionOffset/CameraOffset.uexp" 116
"../../../Engine/Plugins/Animation/ControlRig/Content/M_Manip.uasset" 117
"../../../Engine/Plugins/Animation/ControlRig/Content/M_Manip.uexp" 118
"../../../Engine/Plugins/2D/Paper2D/Content/PlaceholderTextures/DummySpriteTexture.ubulk" 119
"../../../Engine/Plugins/2D/Paper2D/Content/PlaceholderTextures/DummySpriteTexture.uasset" 120
"../../../Engine/Plugins/2D/Paper2D/Content/PlaceholderTextures/DummySpriteTexture.uexp" 121
"../../../Engine/Plugins/2D/Paper2D/Content/DefaultSpriteMaterial.uasset" 122
"../../../Engine/Plugins/2D/Paper2D/Content/DefaultSpriteMaterial.uexp" 123
"../../../Engine/Plugins/2D/Paper2D/Content/OpaqueUnlitSpriteMaterial.uasset" 124
"../../../Engine/Plugins/2D/Paper2D/Content/OpaqueUnlitSpriteMaterial.uexp" 125
"../../../Engine/Plugins/2D/Paper2D/Content/MaskedUnlitSpriteMaterial.uasset" 126
"../../../Engine/Plugins/2D/Paper2D/Content/MaskedUnlitSpriteMaterial.uexp" 127
"../../../Engine/Plugins/2D/Paper2D/Content/DummySprite.uasset" 128
"../../../Engine/Plugins/2D/Paper2D/Content/DummySprite.uexp" 129
"../../../Engine/Plugins/2D/Paper2D/Content/DefaultPaperTerrainMaterial.uasset" 130
"../../../Engine/Plugins/2D/Paper2D/Content/DefaultPaperTerrainMaterial.uexp" 131
"C:/Users/wscke/Documents/GitHub/practicum-3/practicum3/Content/UI/MainMenu.uasset" 132
"C:/Users/wscke/Documents/GitHub/practicum-3/practicum3/Content/UI/MainMenu.uexp" 133
"../../../Engine/Plugins/FX/Niagara/Content/DefaultAssets/DefaultSpriteMaterial.uasset" 134
"../../../Engine/Plugins/FX/Niagara/Content/DefaultAssets/DefaultSpriteMaterial.uexp" 135
"C:/Users/wscke/Documents/GitHub/practicum-3/practicum3/Content/niagra/N_Fire.uasset" 136
"C:/Users/wscke/Documents/GitHub/practicum-3/practicum3/Content/niagra/N_Fire.uexp" 137
"C:/Users/wscke/Documents/GitHub/practicum-3/practicum3/Content/materials/M_Trap.uasset" 138
"C:/Users/wscke/Documents/GitHub/practicum-3/practicum3/Content/materials/M_Trap.uexp" 139
"C:/Users/wscke/Documents/GitHub/practicum-3/practicum3/Content/materials/M_Masking.uasset" 140
"C:/Users/wscke/Documents/GitHub/practicum-3/practicum3/Content/materials/M_Masking.uexp" 141
"../../../Engine/Content/BasicShapes/Cube.ubulk" 142
"../../../Engine/Content/BasicShapes/Cube.uasset" 143
"../../../Engine/Content/BasicShapes/Cube.uexp" 144
"../../../Engine/Content/BasicShapes/BasicShapeMaterial.uasset" 145
"../../../Engine/Content/BasicShapes/BasicShapeMaterial.uexp" 146
"C:/Users/wscke/Documents/GitHub/practicum-3/practicum3/Content/mapProps/BP_something.uasset" 147
"C:/Users/wscke/Documents/GitHub/practicum-3/practicum3/Content/mapProps/BP_something.uexp" 148
"C:/Users/wscke/Documents/GitHub/practicum-3/practicum3/Content/UI/Widgets/AI_widgets/W_AIHealthBar.uasset" 149
"C:/Users/wscke/Documents/GitHub/practicum-3/practicum3/Content/UI/Widgets/AI_widgets/W_AIHealthBar.uexp" 150
"C:/Users/wscke/Documents/GitHub/practicum-3/practicum3/Content/AI/pointOfIntrestFolder/BP_AIPointOfIntrest_red.uasset" 151
"C:/Users/wscke/Documents/GitHub/practicum-3/practicum3/Content/AI/pointOfIntrestFolder/BP_AIPointOfIntrest_red.uexp" 152
"C:/Users/wscke/Documents/GitHub/practicum-3/practicum3/Content/AI/pointOfIntrestFolder/BP_AIPointOfIntrest_blue.uasset" 153
"C:/Users/wscke/Documents/GitHub/practicum-3/practicum3/Content/AI/pointOfIntrestFolder/BP_AIPointOfIntrest_blue.uexp" 154
"C:/Users/wscke/Documents/GitHub/practicum-3/practicum3/Content/AI/Enum/E_Team.uasset" 155
"C:/Users/wscke/Documents/GitHub/practicum-3/practicum3/Content/AI/Enum/E_Team.uexp" 156
"C:/Users/wscke/Documents/GitHub/practicum-3/practicum3/Content/enemies_can_destory_these/BP_DestoyAbleDoor.uasset" 157
"C:/Users/wscke/Documents/GitHub/practicum-3/practicum3/Content/enemies_can_destory_these/BP_DestoyAbleDoor.uexp" 158
"C:/Users/wscke/Documents/GitHub/practicum-3/practicum3/Content/texures/T_Rock3/rock_3_DefaultMaterial_OcclusionRoughnessMetallic.ubulk" 159
"C:/Users/wscke/Documents/GitHub/practicum-3/practicum3/Content/texures/T_Rock3/rock_3_DefaultMaterial_OcclusionRoughnessMetallic.uasset" 160
"C:/Users/wscke/Documents/GitHub/practicum-3/practicum3/Content/texures/T_Rock3/rock_3_DefaultMaterial_OcclusionRoughnessMetallic.uexp" 161
"C:/Users/wscke/Documents/GitHub/practicum-3/practicum3/Content/texures/T_Rock3/rock_3_DefaultMaterial_Emissive.ubulk" 162
"C:/Users/wscke/Documents/GitHub/practicum-3/practicum3/Content/texures/T_Rock3/rock_3_DefaultMaterial_Emissive.uasset" 163
"C:/Users/wscke/Documents/GitHub/practicum-3/practicum3/Content/texures/T_Rock3/rock_3_DefaultMaterial_Emissive.uexp" 164
"C:/Users/wscke/Documents/GitHub/practicum-3/practicum3/Content/texures/T_Rock3/rock_3_DefaultMaterial_BaseColor.ubulk" 165
"C:/Users/wscke/Documents/GitHub/practicum-3/practicum3/Content/texures/T_Rock3/rock_3_DefaultMaterial_BaseColor.uasset" 166
"C:/Users/wscke/Documents/GitHub/practicum-3/practicum3/Content/texures/T_Rock3/rock_3_DefaultMaterial_BaseColor.uexp" 167
"C:/Users/wscke/Documents/GitHub/practicum-3/practicum3/Content/texures/T_Rock3/rock_3_DefaultMaterial_Normal.ubulk" 168
"C:/Users/wscke/Documents/GitHub/practicum-3/practicum3/Content/texures/T_Rock3/rock_3_DefaultMaterial_Normal.uasset" 169
"C:/Users/wscke/Documents/GitHub/practicum-3/practicum3/Content/texures/T_Rock3/rock_3_DefaultMaterial_Normal.uexp" 170
"C:/Users/wscke/Documents/GitHub/practicum-3/practicum3/Content/textureSpheres/M-rock3.uasset" 171
"C:/Users/wscke/Documents/GitHub/practicum-3/practicum3/Content/textureSpheres/M-rock3.uexp" 172
"C:/Users/wscke/Documents/GitHub/practicum-3/practicum3/Content/Meshes/brush/rock_3.ubulk" 173
"C:/Users/wscke/Documents/GitHub/practicum-3/practicum3/Content/Meshes/brush/rock_3.uasset" 174
"C:/Users/wscke/Documents/GitHub/practicum-3/practicum3/Content/Meshes/brush/rock_3.uexp" 175
"C:/Users/wscke/Documents/GitHub/practicum-3/practicum3/Content/blueprintEnvirment/brush/BP_Rock3.uasset" 176
"C:/Users/wscke/Documents/GitHub/practicum-3/practicum3/Content/blueprintEnvirment/brush/BP_Rock3.uexp" 177
"C:/Users/wscke/Documents/GitHub/practicum-3/practicum3/Content/texures/T_Rock2/rock_2_DefaultMaterial_BaseColor.ubulk" 178
"C:/Users/wscke/Documents/GitHub/practicum-3/practicum3/Content/texures/T_Rock2/rock_2_DefaultMaterial_BaseColor.uasset" 179
"C:/Users/wscke/Documents/GitHub/practicum-3/practicum3/Content/texures/T_Rock2/rock_2_DefaultMaterial_BaseColor.uexp" 180
"C:/Users/wscke/Documents/GitHub/practicum-3/practicum3/Content/texures/T_Rock2/rock_2_DefaultMaterial_Emissive.ubulk" 181
"C:/Users/wscke/Documents/GitHub/practicum-3/practicum3/Content/texures/T_Rock2/rock_2_DefaultMaterial_Emissive.uasset" 182
"C:/Users/wscke/Documents/GitHub/practicum-3/practicum3/Content/texures/T_Rock2/rock_2_DefaultMaterial_Emissive.uexp" 183
"C:/Users/wscke/Documents/GitHub/practicum-3/practicum3/Content/texures/T_Rock2/rock_2_DefaultMaterial_OcclusionRoughnessMetallic.ubulk" 184
"C:/Users/wscke/Documents/GitHub/practicum-3/practicum3/Content/texures/T_Rock2/rock_2_DefaultMaterial_OcclusionRoughnessMetallic.uasset" 185
"C:/Users/wscke/Documents/GitHub/practicum-3/practicum3/Content/texures/T_Rock2/rock_2_DefaultMaterial_OcclusionRoughnessMetallic.uexp" 186
"C:/Users/wscke/Documents/GitHub/practicum-3/practicum3/Content/texures/T_Rock2/rock_2_DefaultMaterial_Normal.ubulk" 187
"C:/Users/wscke/Documents/GitHub/practicum-3/practicum3/Content/texures/T_Rock2/rock_2_DefaultMaterial_Normal.uasset" 188
"C:/Users/wscke/Documents/GitHub/practicum-3/practicum3/Content/texures/T_Rock2/rock_2_DefaultMaterial_Normal.uexp" 189
"C:/Users/wscke/Documents/GitHub/practicum-3/practicum3/Content/textureSpheres/M_rock2.uasset" 190
"C:/Users/wscke/Documents/GitHub/practicum-3/practicum3/Content/textureSpheres/M_rock2.uexp" 191
"C:/Users/wscke/Documents/GitHub/practicum-3/practicum3/Content/Meshes/brush/rock_2.ubulk" 192
"C:/Users/wscke/Documents/GitHub/practicum-3/practicum3/Content/Meshes/brush/rock_2.uasset" 193
"C:/Users/wscke/Documents/GitHub/practicum-3/practicum3/Content/Meshes/brush/rock_2.uexp" 194
"C:/Users/wscke/Documents/GitHub/practicum-3/practicum3/Content/blueprintEnvirment/brush/BP_Rock2.uasset" 195
"C:/Users/wscke/Documents/GitHub/practicum-3/practicum3/Content/blueprintEnvirment/brush/BP_Rock2.uexp" 196
"C:/Users/wscke/Documents/GitHub/practicum-3/practicum3/Content/Meshes/brush/rock_1.ubulk" 197
"C:/Users/wscke/Documents/GitHub/practicum-3/practicum3/Content/Meshes/brush/rock_1.uasset" 198
"C:/Users/wscke/Documents/GitHub/practicum-3/practicum3/Content/Meshes/brush/rock_1.uexp" 199
"C:/Users/wscke/Documents/GitHub/practicum-3/practicum3/Content/texures/T_Rock1/rock_1_DefaultMaterial_BaseColor.ubulk" 200
"C:/Users/wscke/Documents/GitHub/practicum-3/practicum3/Content/texures/T_Rock1/rock_1_DefaultMaterial_BaseColor.uasset" 201
"C:/Users/wscke/Documents/GitHub/practicum-3/practicum3/Content/texures/T_Rock1/rock_1_DefaultMaterial_BaseColor.uexp" 202
"C:/Users/wscke/Documents/GitHub/practicum-3/practicum3/Content/texures/T_Rock1/rock_1_DefaultMaterial_Normal.ubulk" 203
"C:/Users/wscke/Documents/GitHub/practicum-3/practicum3/Content/texures/T_Rock1/rock_1_DefaultMaterial_Normal.uasset" 204
"C:/Users/wscke/Documents/GitHub/practicum-3/practicum3/Content/texures/T_Rock1/rock_1_DefaultMaterial_Normal.uexp" 205
"C:/Users/wscke/Documents/GitHub/practicum-3/practicum3/Content/texures/T_Rock1/rock_1_DefaultMaterial_Emissive.ubulk" 206
"C:/Users/wscke/Documents/GitHub/practicum-3/practicum3/Content/texures/T_Rock1/rock_1_DefaultMaterial_Emissive.uasset" 207
"C:/Users/wscke/Documents/GitHub/practicum-3/practicum3/Content/texures/T_Rock1/rock_1_DefaultMaterial_Emissive.uexp" 208
"C:/Users/wscke/Documents/GitHub/practicum-3/practicum3/Content/texures/T_Rock1/rock_1_DefaultMaterial_OcclusionRoughnessMetallic.ubulk" 209
"C:/Users/wscke/Documents/GitHub/practicum-3/practicum3/Content/texures/T_Rock1/rock_1_DefaultMaterial_OcclusionRoughnessMetallic.uasset" 210
"C:/Users/wscke/Documents/GitHub/practicum-3/practicum3/Content/texures/T_Rock1/rock_1_DefaultMaterial_OcclusionRoughnessMetallic.uexp" 211
"C:/Users/wscke/Documents/GitHub/practicum-3/practicum3/Content/textureSpheres/M_Rock1.uasset" 212
"C:/Users/wscke/Documents/GitHub/practicum-3/practicum3/Content/textureSpheres/M_Rock1.uexp" 213
"C:/Users/wscke/Documents/GitHub/practicum-3/practicum3/Content/blueprintEnvirment/brush/BP_Rock1.uasset" 214
"C:/Users/wscke/Documents/GitHub/practicum-3/practicum3/Content/blueprintEnvirment/brush/BP_Rock1.uexp" 215
"C:/Users/wscke/Documents/GitHub/practicum-3/practicum3/Content/GameMaster/Spawner/BP_EnemySpawner.uasset" 216
"C:/Users/wscke/Documents/GitHub/practicum-3/practicum3/Content/GameMaster/Spawner/BP_EnemySpawner.uexp" 217
"C:/Users/wscke/Documents/GitHub/practicum-3/practicum3/Content/animation/goblin/base/T-Pose_PhysicsAsset.uasset" 218
"C:/Users/wscke/Documents/GitHub/practicum-3/practicum3/Content/animation/goblin/base/T-Pose_PhysicsAsset.uexp" 219
"C:/Users/wscke/Documents/GitHub/practicum-3/practicum3/Content/animation/goblin/base/T-Pose_Skeleton.uasset" 220
"C:/Users/wscke/Documents/GitHub/practicum-3/practicum3/Content/animation/goblin/base/T-Pose_Skeleton.uexp" 221
"C:/Users/wscke/Documents/GitHub/practicum-3/practicum3/Content/animation/goblin/base/T-Pose.uasset" 222
"C:/Users/wscke/Documents/GitHub/practicum-3/practicum3/Content/animation/goblin/base/T-Pose.uexp" 223
"C:/Users/wscke/Documents/GitHub/practicum-3/practicum3/Content/AI/BP_enemy_melee.uasset" 224
"C:/Users/wscke/Documents/GitHub/practicum-3/practicum3/Content/AI/BP_enemy_melee.uexp" 225
"../../../Engine/Plugins/Animation/ACLPlugin/Content/ACLAnimBoneCompressionSettings.uasset" 226
"../../../Engine/Plugins/Animation/ACLPlugin/Content/ACLAnimBoneCompressionSettings.uexp" 227
"../../../Engine/Content/Animation/DefaultVariableFrameStrippingSettings.uasset" 228
"../../../Engine/Content/Animation/DefaultVariableFrameStrippingSettings.uexp" 229
"../../../Engine/Plugins/Animation/ACLPlugin/Content/ACLAnimCurveCompressionSettings.uasset" 230
"../../../Engine/Plugins/Animation/ACLPlugin/Content/ACLAnimCurveCompressionSettings.uexp" 231
"C:/Users/wscke/Documents/GitHub/practicum-3/practicum3/Content/animation/goblin/walking/Mutant_Walking.uasset" 232
"C:/Users/wscke/Documents/GitHub/practicum-3/practicum3/Content/animation/goblin/walking/Mutant_Walking.uexp" 233
"C:/Users/wscke/Documents/GitHub/practicum-3/practicum3/Content/animation/goblin/dying/Mutant_Dying.uasset" 234
"C:/Users/wscke/Documents/GitHub/practicum-3/practicum3/Content/animation/goblin/dying/Mutant_Dying.uexp" 235
"C:/Users/wscke/Documents/GitHub/practicum-3/practicum3/Content/animation/goblin/bp_walkingGoblin.uasset" 236
"C:/Users/wscke/Documents/GitHub/practicum-3/practicum3/Content/animation/goblin/bp_walkingGoblin.uexp" 237
"C:/Users/wscke/Documents/GitHub/practicum-3/practicum3/Content/animation/goblin/AP_Goblin.uasset" 238
"C:/Users/wscke/Documents/GitHub/practicum-3/practicum3/Content/animation/goblin/AP_Goblin.uexp" 239
"C:/Users/wscke/Documents/GitHub/practicum-3/practicum3/Content/texures/minoin/minion_low_Material_001_Normal.ubulk" 240
"C:/Users/wscke/Documents/GitHub/practicum-3/practicum3/Content/texures/minoin/minion_low_Material_001_Normal.uasset" 241
"C:/Users/wscke/Documents/GitHub/practicum-3/practicum3/Content/texures/minoin/minion_low_Material_001_Normal.uexp" 242
"C:/Users/wscke/Documents/GitHub/practicum-3/practicum3/Content/texures/minoin/minion_low_Material_001_Roughness.ubulk" 243
"C:/Users/wscke/Documents/GitHub/practicum-3/practicum3/Content/texures/minoin/minion_low_Material_001_Roughness.uasset" 244
"C:/Users/wscke/Documents/GitHub/practicum-3/practicum3/Content/texures/minoin/minion_low_Material_001_Roughness.uexp" 245
"C:/Users/wscke/Documents/GitHub/practicum-3/practicum3/Content/texures/minoin/minion_low_Material_001_Metallic.ubulk" 246
"C:/Users/wscke/Documents/GitHub/practicum-3/practicum3/Content/texures/minoin/minion_low_Material_001_Metallic.uasset" 247
"C:/Users/wscke/Documents/GitHub/practicum-3/practicum3/Content/texures/minoin/minion_low_Material_001_Metallic.uexp" 248
"C:/Users/wscke/Documents/GitHub/practicum-3/practicum3/Content/texures/minoin/minion_low_Material_001_BaseColor.ubulk" 249
"C:/Users/wscke/Documents/GitHub/practicum-3/practicum3/Content/texures/minoin/minion_low_Material_001_BaseColor.uasset" 250
"C:/Users/wscke/Documents/GitHub/practicum-3/practicum3/Content/texures/minoin/minion_low_Material_001_BaseColor.uexp" 251
"C:/Users/wscke/Documents/GitHub/practicum-3/practicum3/Content/textureSpheres/M_Minion.uasset" 252
"C:/Users/wscke/Documents/GitHub/practicum-3/practicum3/Content/textureSpheres/M_Minion.uexp" 253
"C:/Users/wscke/Documents/GitHub/practicum-3/practicum3/Content/AI/BP_Goblinnormal.uasset" 254
"C:/Users/wscke/Documents/GitHub/practicum-3/practicum3/Content/AI/BP_Goblinnormal.uexp" 255
"C:/Users/wscke/Documents/GitHub/practicum-3/practicum3/Content/GameMaster/Spawner/S_SpawnData.uasset" 256
"C:/Users/wscke/Documents/GitHub/practicum-3/practicum3/Content/GameMaster/Spawner/S_SpawnData.uexp" 257
"C:/Users/wscke/Documents/GitHub/practicum-3/practicum3/Content/GameMaster/Spawner/S_Wave.uasset" 258
"C:/Users/wscke/Documents/GitHub/practicum-3/practicum3/Content/GameMaster/Spawner/S_Wave.uexp" 259
"C:/Users/wscke/Documents/GitHub/practicum-3/practicum3/Content/AI/BP_goblinFast.uasset" 260
"C:/Users/wscke/Documents/GitHub/practicum-3/practicum3/Content/AI/BP_goblinFast.uexp" 261
"C:/Users/wscke/Documents/GitHub/practicum-3/practicum3/Content/GameMaster/Spawner/DT_Waves.uasset" 262
"C:/Users/wscke/Documents/GitHub/practicum-3/practicum3/Content/GameMaster/Spawner/DT_Waves.uexp" 263
"C:/Users/wscke/Documents/GitHub/practicum-3/practicum3/Content/Meshes/traps/cannon_top_half_low_poly.ubulk" 264
"C:/Users/wscke/Documents/GitHub/practicum-3/practicum3/Content/Meshes/traps/cannon_top_half_low_poly.uasset" 265
"C:/Users/wscke/Documents/GitHub/practicum-3/practicum3/Content/Meshes/traps/cannon_top_half_low_poly.uexp" 266
"C:/Users/wscke/Documents/GitHub/practicum-3/practicum3/Content/texures/T_CannonTop/cannon_top_half_low_poly_DefaultMaterial_Emissive.ubulk" 267
"C:/Users/wscke/Documents/GitHub/practicum-3/practicum3/Content/texures/T_CannonTop/cannon_top_half_low_poly_DefaultMaterial_Emissive.uasset" 268
"C:/Users/wscke/Documents/GitHub/practicum-3/practicum3/Content/texures/T_CannonTop/cannon_top_half_low_poly_DefaultMaterial_Emissive.uexp" 269
"C:/Users/wscke/Documents/GitHub/practicum-3/practicum3/Content/texures/T_CannonTop/cannon_top_half_low_poly_DefaultMaterial_Normal.ubulk" 270
"C:/Users/wscke/Documents/GitHub/practicum-3/practicum3/Content/texures/T_CannonTop/cannon_top_half_low_poly_DefaultMaterial_Normal.uasset" 271
"C:/Users/wscke/Documents/GitHub/practicum-3/practicum3/Content/texures/T_CannonTop/cannon_top_half_low_poly_DefaultMaterial_Normal.uexp" 272
"C:/Users/wscke/Documents/GitHub/practicum-3/practicum3/Content/texures/T_CannonTop/cannon_top_half_low_poly_DefaultMaterial_OcclusionRoughnessMetallic.ubulk" 273
"C:/Users/wscke/Documents/GitHub/practicum-3/practicum3/Content/texures/T_CannonTop/cannon_top_half_low_poly_DefaultMaterial_OcclusionRoughnessMetallic.uasset" 274
"C:/Users/wscke/Documents/GitHub/practicum-3/practicum3/Content/texures/T_CannonTop/cannon_top_half_low_poly_DefaultMaterial_OcclusionRoughnessMetallic.uexp" 275
"C:/Users/wscke/Documents/GitHub/practicum-3/practicum3/Content/texures/T_CannonTop/cannon_top_half_low_poly_DefaultMaterial_BaseColor.ubulk" 276
"C:/Users/wscke/Documents/GitHub/practicum-3/practicum3/Content/texures/T_CannonTop/cannon_top_half_low_poly_DefaultMaterial_BaseColor.uasset" 277
"C:/Users/wscke/Documents/GitHub/practicum-3/practicum3/Content/texures/T_CannonTop/cannon_top_half_low_poly_DefaultMaterial_BaseColor.uexp" 278
"C:/Users/wscke/Documents/GitHub/practicum-3/practicum3/Content/textureSpheres/traps/M_CRystalCAnnonTop.uasset" 279
"C:/Users/wscke/Documents/GitHub/practicum-3/practicum3/Content/textureSpheres/traps/M_CRystalCAnnonTop.uexp" 280
"C:/Users/wscke/Documents/GitHub/practicum-3/practicum3/Content/texures/T_CrystalShooterTop/top_crystal_shooter_low_poly_DefaultMaterial_BaseColor.ubulk" 281
"C:/Users/wscke/Documents/GitHub/practicum-3/practicum3/Content/texures/T_CrystalShooterTop/top_crystal_shooter_low_poly_DefaultMaterial_BaseColor.uasset" 282
"C:/Users/wscke/Documents/GitHub/practicum-3/practicum3/Content/texures/T_CrystalShooterTop/top_crystal_shooter_low_poly_DefaultMaterial_BaseColor.uexp" 283
"C:/Users/wscke/Documents/GitHub/practicum-3/practicum3/Content/texures/T_CrystalShooterTop/top_crystal_shooter_low_poly_DefaultMaterial_OcclusionRoughnessMetallic.ubulk" 284
"C:/Users/wscke/Documents/GitHub/practicum-3/practicum3/Content/texures/T_CrystalShooterTop/top_crystal_shooter_low_poly_DefaultMaterial_OcclusionRoughnessMetallic.uasset" 285
"C:/Users/wscke/Documents/GitHub/practicum-3/practicum3/Content/texures/T_CrystalShooterTop/top_crystal_shooter_low_poly_DefaultMaterial_OcclusionRoughnessMetallic.uexp" 286
"C:/Users/wscke/Documents/GitHub/practicum-3/practicum3/Content/texures/T_CrystalShooterTop/top_crystal_shooter_low_poly_DefaultMaterial_Normal.ubulk" 287
"C:/Users/wscke/Documents/GitHub/practicum-3/practicum3/Content/texures/T_CrystalShooterTop/top_crystal_shooter_low_poly_DefaultMaterial_Normal.uasset" 288
"C:/Users/wscke/Documents/GitHub/practicum-3/practicum3/Content/texures/T_CrystalShooterTop/top_crystal_shooter_low_poly_DefaultMaterial_Normal.uexp" 289
"C:/Users/wscke/Documents/GitHub/practicum-3/practicum3/Content/texures/T_CrystalShooterTop/top_crystal_shooter_low_poly_DefaultMaterial_Emissive.ubulk" 290
"C:/Users/wscke/Documents/GitHub/practicum-3/practicum3/Content/texures/T_CrystalShooterTop/top_crystal_shooter_low_poly_DefaultMaterial_Emissive.uasset" 291
"C:/Users/wscke/Documents/GitHub/practicum-3/practicum3/Content/texures/T_CrystalShooterTop/top_crystal_shooter_low_poly_DefaultMaterial_Emissive.uexp" 292
"C:/Users/wscke/Documents/GitHub/practicum-3/practicum3/Content/textureSpheres/traps/M_CRystalCAnnon.uasset" 293
"C:/Users/wscke/Documents/GitHub/practicum-3/practicum3/Content/textureSpheres/traps/M_CRystalCAnnon.uexp" 294
"C:/Users/wscke/Documents/GitHub/practicum-3/practicum3/Content/Meshes/traps/cannon_bottem_half_low_poly.ubulk" 295
"C:/Users/wscke/Documents/GitHub/practicum-3/practicum3/Content/Meshes/traps/cannon_bottem_half_low_poly.uasset" 296
"C:/Users/wscke/Documents/GitHub/practicum-3/practicum3/Content/Meshes/traps/cannon_bottem_half_low_poly.uexp" 297
"C:/Users/wscke/Documents/GitHub/practicum-3/practicum3/Content/traps/Enum_TrapsType.uasset" 298
"C:/Users/wscke/Documents/GitHub/practicum-3/practicum3/Content/traps/Enum_TrapsType.uexp" 299
"C:/Users/wscke/Documents/GitHub/practicum-3/practicum3/Content/traps/BPI_trap.uasset" 300
"C:/Users/wscke/Documents/GitHub/practicum-3/practicum3/Content/traps/BPI_trap.uexp" 301
"C:/Users/wscke/Documents/GitHub/practicum-3/practicum3/Content/AI/BPI_baseStates.uasset" 302
"C:/Users/wscke/Documents/GitHub/practicum-3/practicum3/Content/AI/BPI_baseStates.uexp" 303
"C:/Users/wscke/Documents/GitHub/practicum-3/practicum3/Content/traps/BP_BaseTrap.uasset" 304
"C:/Users/wscke/Documents/GitHub/practicum-3/practicum3/Content/traps/BP_BaseTrap.uexp" 305
"C:/Users/wscke/Documents/GitHub/practicum-3/practicum3/Content/traps/roof_traps/BP_RoofTrap.uasset" 306
"C:/Users/wscke/Documents/GitHub/practicum-3/practicum3/Content/traps/roof_traps/BP_RoofTrap.uexp" 307
"C:/Users/wscke/Documents/GitHub/practicum-3/practicum3/Content/Meshes/traps/gears_being_shot_.ubulk" 308
"C:/Users/wscke/Documents/GitHub/practicum-3/practicum3/Content/Meshes/traps/gears_being_shot_.uasset" 309
"C:/Users/wscke/Documents/GitHub/practicum-3/practicum3/Content/Meshes/traps/gears_being_shot_.uexp" 310
"C:/Users/wscke/Documents/GitHub/practicum-3/practicum3/Content/traps/TrapProjectiles/BP_baseProjectile.uasset" 311
"C:/Users/wscke/Documents/GitHub/practicum-3/practicum3/Content/traps/TrapProjectiles/BP_baseProjectile.uexp" 312
"C:/Users/wscke/Documents/GitHub/practicum-3/practicum3/Content/traps/roof_traps/BP_roof_cannon.uasset" 313
"C:/Users/wscke/Documents/GitHub/practicum-3/practicum3/Content/traps/roof_traps/BP_roof_cannon.uexp" 314
"C:/Users/wscke/Documents/GitHub/practicum-3/practicum3/Content/ThirdPerson/Abilities/S_Abilities.uasset" 315
"C:/Users/wscke/Documents/GitHub/practicum-3/practicum3/Content/ThirdPerson/Abilities/S_Abilities.uexp" 316
"C:/Users/wscke/Documents/GitHub/practicum-3/practicum3/Content/traps/S_Trap.uasset" 317
"C:/Users/wscke/Documents/GitHub/practicum-3/practicum3/Content/traps/S_Trap.uexp" 318
"C:/Users/wscke/Documents/GitHub/practicum-3/practicum3/Content/ThirdPerson/Input/Actions/IA_destoryTrap.uasset" 319
"C:/Users/wscke/Documents/GitHub/practicum-3/practicum3/Content/ThirdPerson/Input/Actions/IA_destoryTrap.uexp" 320
"C:/Users/wscke/Documents/GitHub/practicum-3/practicum3/Content/materials/M_preview.uasset" 321
"C:/Users/wscke/Documents/GitHub/practicum-3/practicum3/Content/materials/M_preview.uexp" 322
"C:/Users/wscke/Documents/GitHub/practicum-3/practicum3/Content/ThirdPerson/Input/Actions/IA_placeBuild.uasset" 323
"C:/Users/wscke/Documents/GitHub/practicum-3/practicum3/Content/ThirdPerson/Input/Actions/IA_placeBuild.uexp" 324
"../../../Engine/Content/EngineMaterials/DefaultMaterial.uasset" 325
"../../../Engine/Content/EngineMaterials/DefaultMaterial.uexp" 326
"../../../Engine/Content/BasicShapes/Cone.ubulk" 327
"../../../Engine/Content/BasicShapes/Cone.uasset" 328
"../../../Engine/Content/BasicShapes/Cone.uexp" 329
"C:/Users/wscke/Documents/GitHub/practicum-3/practicum3/Content/Meshes/traps/gear_grinder_low.ubulk" 330
"C:/Users/wscke/Documents/GitHub/practicum-3/practicum3/Content/Meshes/traps/gear_grinder_low.uasset" 331
"C:/Users/wscke/Documents/GitHub/practicum-3/practicum3/Content/Meshes/traps/gear_grinder_low.uexp" 332
"C:/Users/wscke/Documents/GitHub/practicum-3/practicum3/Content/traps/wall_traps/BP_WallTrap.uasset" 333
"C:/Users/wscke/Documents/GitHub/practicum-3/practicum3/Content/traps/wall_traps/BP_WallTrap.uexp" 334
"C:/Users/wscke/Documents/GitHub/practicum-3/practicum3/Content/texures/T_GearGrinder/gear_grinder_low_4_Gear12_BaseColor.ubulk" 335
"C:/Users/wscke/Documents/GitHub/practicum-3/practicum3/Content/texures/T_GearGrinder/gear_grinder_low_4_Gear12_BaseColor.uasset" 336
"C:/Users/wscke/Documents/GitHub/practicum-3/practicum3/Content/texures/T_GearGrinder/gear_grinder_low_4_Gear12_BaseColor.uexp" 337
"C:/Users/wscke/Documents/GitHub/practicum-3/practicum3/Content/texures/T_GearGrinder/gear_grinder_low_4_Gear12_OcclusionRoughnessMetallic.ubulk" 338
"C:/Users/wscke/Documents/GitHub/practicum-3/practicum3/Content/texures/T_GearGrinder/gear_grinder_low_4_Gear12_OcclusionRoughnessMetallic.uasset" 339
"C:/Users/wscke/Documents/GitHub/practicum-3/practicum3/Content/texures/T_GearGrinder/gear_grinder_low_4_Gear12_OcclusionRoughnessMetallic.uexp" 340
"C:/Users/wscke/Documents/GitHub/practicum-3/practicum3/Content/texures/T_GearGrinder/gear_grinder_low_4_Gear12_Normal.ubulk" 341
"C:/Users/wscke/Documents/GitHub/practicum-3/practicum3/Content/texures/T_GearGrinder/gear_grinder_low_4_Gear12_Normal.uasset" 342
"C:/Users/wscke/Documents/GitHub/practicum-3/practicum3/Content/texures/T_GearGrinder/gear_grinder_low_4_Gear12_Normal.uexp" 343
"C:/Users/wscke/Documents/GitHub/practicum-3/practicum3/Content/texures/T_GearGrinder/gear_grinder_low_4_Gear12_Emissive.ubulk" 344
"C:/Users/wscke/Documents/GitHub/practicum-3/practicum3/Content/texures/T_GearGrinder/gear_grinder_low_4_Gear12_Emissive.uasset" 345
"C:/Users/wscke/Documents/GitHub/practicum-3/practicum3/Content/texures/T_GearGrinder/gear_grinder_low_4_Gear12_Emissive.uexp" 346
"C:/Users/wscke/Documents/GitHub/practicum-3/practicum3/Content/textureSpheres/traps/M_GearGRinder.uasset" 347
"C:/Users/wscke/Documents/GitHub/practicum-3/practicum3/Content/textureSpheres/traps/M_GearGRinder.uexp" 348
"../../../Engine/Content/MapTemplates/Materials/BasicAsset03.uasset" 349
"../../../Engine/Content/MapTemplates/Materials/BasicAsset03.uexp" 350
"C:/Users/wscke/Documents/GitHub/practicum-3/practicum3/Content/traps/wall_traps/BP_gearGrinder.uasset" 351
"C:/Users/wscke/Documents/GitHub/practicum-3/practicum3/Content/traps/wall_traps/BP_gearGrinder.uexp" 352
"C:/Users/wscke/Documents/GitHub/practicum-3/practicum3/Content/traps/floor_traps/BP_FloorTrap_BaseOfBase.uasset" 353
"C:/Users/wscke/Documents/GitHub/practicum-3/practicum3/Content/traps/floor_traps/BP_FloorTrap_BaseOfBase.uexp" 354
"C:/Users/wscke/Documents/GitHub/practicum-3/practicum3/Content/Meshes/traps/icefloor_.ubulk" 355
"C:/Users/wscke/Documents/GitHub/practicum-3/practicum3/Content/Meshes/traps/icefloor_.uasset" 356
"C:/Users/wscke/Documents/GitHub/practicum-3/practicum3/Content/Meshes/traps/icefloor_.uexp" 357
"C:/Users/wscke/Documents/GitHub/practicum-3/practicum3/Content/texures/T_IceFloor/T_IceFloor2/icefloor__3__DefaultMaterial_Emissive.ubulk" 358
"C:/Users/wscke/Documents/GitHub/practicum-3/practicum3/Content/texures/T_IceFloor/T_IceFloor2/icefloor__3__DefaultMaterial_Emissive.uasset" 359
"C:/Users/wscke/Documents/GitHub/practicum-3/practicum3/Content/texures/T_IceFloor/T_IceFloor2/icefloor__3__DefaultMaterial_Emissive.uexp" 360
"C:/Users/wscke/Documents/GitHub/practicum-3/practicum3/Content/texures/T_IceFloor/T_IceFloor2/icefloor__3__DefaultMaterial_Normal.ubulk" 361
"C:/Users/wscke/Documents/GitHub/practicum-3/practicum3/Content/texures/T_IceFloor/T_IceFloor2/icefloor__3__DefaultMaterial_Normal.uasset" 362
"C:/Users/wscke/Documents/GitHub/practicum-3/practicum3/Content/texures/T_IceFloor/T_IceFloor2/icefloor__3__DefaultMaterial_Normal.uexp" 363
"C:/Users/wscke/Documents/GitHub/practicum-3/practicum3/Content/texures/T_IceFloor/T_IceFloor2/icefloor__3__DefaultMaterial_OcclusionRoughnessMetallic.ubulk" 364
"C:/Users/wscke/Documents/GitHub/practicum-3/practicum3/Content/texures/T_IceFloor/T_IceFloor2/icefloor__3__DefaultMaterial_OcclusionRoughnessMetallic.uasset" 365
"C:/Users/wscke/Documents/GitHub/practicum-3/practicum3/Content/texures/T_IceFloor/T_IceFloor2/icefloor__3__DefaultMaterial_OcclusionRoughnessMetallic.uexp" 366
"C:/Users/wscke/Documents/GitHub/practicum-3/practicum3/Content/texures/T_IceFloor/T_IceFloor2/icefloor__3__DefaultMaterial_BaseColor.ubulk" 367
"C:/Users/wscke/Documents/GitHub/practicum-3/practicum3/Content/texures/T_IceFloor/T_IceFloor2/icefloor__3__DefaultMaterial_BaseColor.uasset" 368
"C:/Users/wscke/Documents/GitHub/practicum-3/practicum3/Content/texures/T_IceFloor/T_IceFloor2/icefloor__3__DefaultMaterial_BaseColor.uexp" 369
"C:/Users/wscke/Documents/GitHub/practicum-3/practicum3/Content/textureSpheres/M_icefloor.uasset" 370
"C:/Users/wscke/Documents/GitHub/practicum-3/practicum3/Content/textureSpheres/M_icefloor.uexp" 371
"C:/Users/wscke/Documents/GitHub/practicum-3/practicum3/Content/traps/floor_traps/BP_icefloor.uasset" 372
"C:/Users/wscke/Documents/GitHub/practicum-3/practicum3/Content/traps/floor_traps/BP_icefloor.uexp" 373
"C:/Users/wscke/Documents/GitHub/practicum-3/practicum3/Content/traps/DT_TrapsInGame.uasset" 374
"C:/Users/wscke/Documents/GitHub/practicum-3/practicum3/Content/traps/DT_TrapsInGame.uexp" 375
"C:/Users/wscke/Documents/GitHub/practicum-3/practicum3/Content/ThirdPerson/Input/Actions/IA_buildMode.uasset" 376
"C:/Users/wscke/Documents/GitHub/practicum-3/practicum3/Content/ThirdPerson/Input/Actions/IA_buildMode.uexp" 377
"C:/Users/wscke/Documents/GitHub/practicum-3/practicum3/Content/traps/BPC_buildSystem.uasset" 378
"C:/Users/wscke/Documents/GitHub/practicum-3/practicum3/Content/traps/BPC_buildSystem.uexp" 379
"C:/Users/wscke/Documents/GitHub/practicum-3/practicum3/Content/texures/charater/CHARATER_DONE_DefaultMaterial_Roughness.ubulk" 380
"C:/Users/wscke/Documents/GitHub/practicum-3/practicum3/Content/texures/charater/CHARATER_DONE_DefaultMaterial_Roughness.uasset" 381
"C:/Users/wscke/Documents/GitHub/practicum-3/practicum3/Content/texures/charater/CHARATER_DONE_DefaultMaterial_Roughness.uexp" 382
"C:/Users/wscke/Documents/GitHub/practicum-3/practicum3/Content/texures/charater/CHARATER_DONE_DefaultMaterial_Normal.ubulk" 383
"C:/Users/wscke/Documents/GitHub/practicum-3/practicum3/Content/texures/charater/CHARATER_DONE_DefaultMaterial_Normal.uasset" 384
"C:/Users/wscke/Documents/GitHub/practicum-3/practicum3/Content/texures/charater/CHARATER_DONE_DefaultMaterial_Normal.uexp" 385
"C:/Users/wscke/Documents/GitHub/practicum-3/practicum3/Content/texures/charater/CHARATER_DONE_DefaultMaterial_Metallic.ubulk" 386
"C:/Users/wscke/Documents/GitHub/practicum-3/practicum3/Content/texures/charater/CHARATER_DONE_DefaultMaterial_Metallic.uasset" 387
"C:/Users/wscke/Documents/GitHub/practicum-3/practicum3/Content/texures/charater/CHARATER_DONE_DefaultMaterial_Metallic.uexp" 388
"C:/Users/wscke/Documents/GitHub/practicum-3/practicum3/Content/texures/charater/CHARATER_DONE_DefaultMaterial_Height.ubulk" 389
"C:/Users/wscke/Documents/GitHub/practicum-3/practicum3/Content/texures/charater/CHARATER_DONE_DefaultMaterial_Height.uasset" 390
"C:/Users/wscke/Documents/GitHub/practicum-3/practicum3/Content/texures/charater/CHARATER_DONE_DefaultMaterial_Height.uexp" 391
"C:/Users/wscke/Documents/GitHub/practicum-3/practicum3/Content/texures/charater/CHARATER_DONE_DefaultMaterial_Emissive.ubulk" 392
"C:/Users/wscke/Documents/GitHub/practicum-3/practicum3/Content/texures/charater/CHARATER_DONE_DefaultMaterial_Emissive.uasset" 393
"C:/Users/wscke/Documents/GitHub/practicum-3/practicum3/Content/texures/charater/CHARATER_DONE_DefaultMaterial_Emissive.uexp" 394
"C:/Users/wscke/Documents/GitHub/practicum-3/practicum3/Content/texures/charater/CHARATER_DONE_DefaultMaterial_BaseColor.ubulk" 395
"C:/Users/wscke/Documents/GitHub/practicum-3/practicum3/Content/texures/charater/CHARATER_DONE_DefaultMaterial_BaseColor.uasset" 396
"C:/Users/wscke/Documents/GitHub/practicum-3/practicum3/Content/texures/charater/CHARATER_DONE_DefaultMaterial_BaseColor.uexp" 397
"C:/Users/wscke/Documents/GitHub/practicum-3/practicum3/Content/textureSpheres/M_charater.uasset" 398
"C:/Users/wscke/Documents/GitHub/practicum-3/practicum3/Content/textureSpheres/M_charater.uexp" 399
"C:/Users/wscke/Documents/GitHub/practicum-3/practicum3/Content/ThirdPerson/Abilities/BPI_HUDInterface.uasset" 400
"C:/Users/wscke/Documents/GitHub/practicum-3/practicum3/Content/ThirdPerson/Abilities/BPI_HUDInterface.uexp" 401
"C:/Users/wscke/Documents/GitHub/practicum-3/practicum3/Content/UI/HUD/HudAssets/background_key_2.uasset" 402
"C:/Users/wscke/Documents/GitHub/practicum-3/practicum3/Content/UI/HUD/HudAssets/background_key_2.uexp" 403
"C:/Users/wscke/Documents/GitHub/practicum-3/practicum3/Content/ThirdPerson/Abilities/BPI_AbilityCellInterface.uasset" 404
"C:/Users/wscke/Documents/GitHub/practicum-3/practicum3/Content/ThirdPerson/Abilities/BPI_AbilityCellInterface.uexp" 405
"C:/Users/wscke/Documents/GitHub/practicum-3/practicum3/Content/UI/HUD/HudAssets/Background_key_border.uasset" 406
"C:/Users/wscke/Documents/GitHub/practicum-3/practicum3/Content/UI/HUD/HudAssets/Background_key_border.uexp" 407
"C:/Users/wscke/Documents/GitHub/practicum-3/practicum3/Content/UI/HUD/W_AbilityCell.uasset" 408
"C:/Users/wscke/Documents/GitHub/practicum-3/practicum3/Content/UI/HUD/W_AbilityCell.uexp" 409
"C:/Users/wscke/Documents/GitHub/practicum-3/practicum3/Content/UI/HUD/W_AbilityCellContainer.uasset" 410
"C:/Users/wscke/Documents/GitHub/practicum-3/practicum3/Content/UI/HUD/W_AbilityCellContainer.uexp" 411
"C:/Users/wscke/Documents/GitHub/practicum-3/practicum3/Content/GameMaster/ObjectPooling/AC_PoolMember.uasset" 412
"C:/Users/wscke/Documents/GitHub/practicum-3/practicum3/Content/GameMaster/ObjectPooling/AC_PoolMember.uexp" 413
"C:/Users/wscke/Documents/GitHub/practicum-3/practicum3/Content/GameMaster/ObjectPooling/BP_Pool.uasset" 414
"C:/Users/wscke/Documents/GitHub/practicum-3/practicum3/Content/GameMaster/ObjectPooling/BP_Pool.uexp" 415
"C:/Users/wscke/Documents/GitHub/practicum-3/practicum3/Content/GameMaster/ObjectPooling/AC_ObjectPool.uasset" 416
"C:/Users/wscke/Documents/GitHub/practicum-3/practicum3/Content/GameMaster/ObjectPooling/AC_ObjectPool.uexp" 417
"C:/Users/wscke/Documents/GitHub/practicum-3/practicum3/Content/animation/charater/basicAttack/basic_attack_PhysicsAsset.uasset" 418
"C:/Users/wscke/Documents/GitHub/practicum-3/practicum3/Content/animation/charater/basicAttack/basic_attack_PhysicsAsset.uexp" 419
"C:/Users/wscke/Documents/GitHub/practicum-3/practicum3/Content/animation/charater/Charater_Skeleton.uasset" 420
"C:/Users/wscke/Documents/GitHub/practicum-3/practicum3/Content/animation/charater/Charater_Skeleton.uexp" 421
"C:/Users/wscke/Documents/GitHub/practicum-3/practicum3/Content/animation/charater/basicAttack/basic_attack.uasset" 422
"C:/Users/wscke/Documents/GitHub/practicum-3/practicum3/Content/animation/charater/basicAttack/basic_attack.uexp" 423
"C:/Users/wscke/Documents/GitHub/practicum-3/practicum3/Content/ThirdPerson/Input/Actions/IA_Primary.uasset" 424
"C:/Users/wscke/Documents/GitHub/practicum-3/practicum3/Content/ThirdPerson/Input/Actions/IA_Primary.uexp" 425
"C:/Users/wscke/Documents/GitHub/practicum-3/practicum3/Content/UI/HUD/W_HealthProgress.uasset" 426
"C:/Users/wscke/Documents/GitHub/practicum-3/practicum3/Content/UI/HUD/W_HealthProgress.uexp" 427
"C:/Users/wscke/Documents/GitHub/practicum-3/practicum3/Content/UI/HUD/W_Hud.uasset" 428
"C:/Users/wscke/Documents/GitHub/practicum-3/practicum3/Content/UI/HUD/W_Hud.uexp" 429
"C:/Users/wscke/Documents/GitHub/practicum-3/practicum3/Content/ThirdPerson/Input/Actions/IA_Jump.uasset" 430
"C:/Users/wscke/Documents/GitHub/practicum-3/practicum3/Content/ThirdPerson/Input/Actions/IA_Jump.uexp" 431
"C:/Users/wscke/Documents/GitHub/practicum-3/practicum3/Content/ThirdPerson/Input/Actions/IA_Secondary.uasset" 432
"C:/Users/wscke/Documents/GitHub/practicum-3/practicum3/Content/ThirdPerson/Input/Actions/IA_Secondary.uexp" 433
"C:/Users/wscke/Documents/GitHub/practicum-3/practicum3/Content/ThirdPerson/Input/Actions/IA_Look.uasset" 434
"C:/Users/wscke/Documents/GitHub/practicum-3/practicum3/Content/ThirdPerson/Input/Actions/IA_Look.uexp" 435
"C:/Users/wscke/Documents/GitHub/practicum-3/practicum3/Content/ThirdPerson/Input/Actions/IA_NextWave.uasset" 436
"C:/Users/wscke/Documents/GitHub/practicum-3/practicum3/Content/ThirdPerson/Input/Actions/IA_NextWave.uexp" 437
"C:/Users/wscke/Documents/GitHub/practicum-3/practicum3/Content/ThirdPerson/Input/Actions/IA_Move.uasset" 438
"C:/Users/wscke/Documents/GitHub/practicum-3/practicum3/Content/ThirdPerson/Input/Actions/IA_Move.uexp" 439
"C:/Users/wscke/Documents/GitHub/practicum-3/practicum3/Content/ThirdPerson/Input/IMC_Default.uasset" 440
"C:/Users/wscke/Documents/GitHub/practicum-3/practicum3/Content/ThirdPerson/Input/IMC_Default.uexp" 441
"C:/Users/wscke/Documents/GitHub/practicum-3/practicum3/Content/ThirdPerson/Abilities/AbilityAssets/Shockwave/AC_ShockWave.uasset" 442
"C:/Users/wscke/Documents/GitHub/practicum-3/practicum3/Content/ThirdPerson/Abilities/AbilityAssets/Shockwave/AC_ShockWave.uexp" 443
"C:/Users/wscke/Documents/GitHub/practicum-3/practicum3/Content/GameMaster/ObjectPooling/BPI_ObjectPoolInterface.uasset" 444
"C:/Users/wscke/Documents/GitHub/practicum-3/practicum3/Content/GameMaster/ObjectPooling/BPI_ObjectPoolInterface.uexp" 445
"C:/Users/wscke/Documents/GitHub/practicum-3/practicum3/Content/texures/T_AttackSphere_2/T_AttackSphere_2/AttackSphere2_M_Sphere1_1_OcclusionRoughnessMetallic.ubulk" 446
"C:/Users/wscke/Documents/GitHub/practicum-3/practicum3/Content/texures/T_AttackSphere_2/T_AttackSphere_2/AttackSphere2_M_Sphere1_1_OcclusionRoughnessMetallic.uasset" 447
"C:/Users/wscke/Documents/GitHub/practicum-3/practicum3/Content/texures/T_AttackSphere_2/T_AttackSphere_2/AttackSphere2_M_Sphere1_1_OcclusionRoughnessMetallic.uexp" 448
"C:/Users/wscke/Documents/GitHub/practicum-3/practicum3/Content/texures/T_AttackSphere_2/T_AttackSphere_2/AttackSphere2_M_Sphere1_1_Normal.ubulk" 449
"C:/Users/wscke/Documents/GitHub/practicum-3/practicum3/Content/texures/T_AttackSphere_2/T_AttackSphere_2/AttackSphere2_M_Sphere1_1_Normal.uasset" 450
"C:/Users/wscke/Documents/GitHub/practicum-3/practicum3/Content/texures/T_AttackSphere_2/T_AttackSphere_2/AttackSphere2_M_Sphere1_1_Normal.uexp" 451
"C:/Users/wscke/Documents/GitHub/practicum-3/practicum3/Content/texures/T_AttackSphere_2/T_AttackSphere_2/AttackSphere2_M_Sphere1_1_Emissive.ubulk" 452
"C:/Users/wscke/Documents/GitHub/practicum-3/practicum3/Content/texures/T_AttackSphere_2/T_AttackSphere_2/AttackSphere2_M_Sphere1_1_Emissive.uasset" 453
"C:/Users/wscke/Documents/GitHub/practicum-3/practicum3/Content/texures/T_AttackSphere_2/T_AttackSphere_2/AttackSphere2_M_Sphere1_1_Emissive.uexp" 454
"C:/Users/wscke/Documents/GitHub/practicum-3/practicum3/Content/texures/T_AttackSphere_2/T_AttackSphere_2/AttackSphere2_M_Sphere1_1_BaseColor.ubulk" 455
"C:/Users/wscke/Documents/GitHub/practicum-3/practicum3/Content/texures/T_AttackSphere_2/T_AttackSphere_2/AttackSphere2_M_Sphere1_1_BaseColor.uasset" 456
"C:/Users/wscke/Documents/GitHub/practicum-3/practicum3/Content/texures/T_AttackSphere_2/T_AttackSphere_2/AttackSphere2_M_Sphere1_1_BaseColor.uexp" 457
"C:/Users/wscke/Documents/GitHub/practicum-3/practicum3/Content/textureSpheres/attack/M_SPhere.uasset" 458
"C:/Users/wscke/Documents/GitHub/practicum-3/practicum3/Content/textureSpheres/attack/M_SPhere.uexp" 459
"C:/Users/wscke/Documents/GitHub/practicum-3/practicum3/Content/Meshes/attackmesh/attack_sphere.ubulk" 460
"C:/Users/wscke/Documents/GitHub/practicum-3/practicum3/Content/Meshes/attackmesh/attack_sphere.uasset" 461
"C:/Users/wscke/Documents/GitHub/practicum-3/practicum3/Content/Meshes/attackmesh/attack_sphere.uexp" 462
"C:/Users/wscke/Documents/GitHub/practicum-3/practicum3/Content/Meshes/attackmesh/attack_sphere_2.ubulk" 463
"C:/Users/wscke/Documents/GitHub/practicum-3/practicum3/Content/Meshes/attackmesh/attack_sphere_2.uasset" 464
"C:/Users/wscke/Documents/GitHub/practicum-3/practicum3/Content/Meshes/attackmesh/attack_sphere_2.uexp" 465
"C:/Users/wscke/Documents/GitHub/practicum-3/practicum3/Content/texures/T_AttackSphere_2/T_AttackSphere_2/AttackSphere2_M_Rings1_Normal.ubulk" 466
"C:/Users/wscke/Documents/GitHub/practicum-3/practicum3/Content/texures/T_AttackSphere_2/T_AttackSphere_2/AttackSphere2_M_Rings1_Normal.uasset" 467
"C:/Users/wscke/Documents/GitHub/practicum-3/practicum3/Content/texures/T_AttackSphere_2/T_AttackSphere_2/AttackSphere2_M_Rings1_Normal.uexp" 468
"C:/Users/wscke/Documents/GitHub/practicum-3/practicum3/Content/texures/T_AttackSphere_2/T_AttackSphere_2/AttackSphere2_M_Rings1_BaseColor.ubulk" 469
"C:/Users/wscke/Documents/GitHub/practicum-3/practicum3/Content/texures/T_AttackSphere_2/T_AttackSphere_2/AttackSphere2_M_Rings1_BaseColor.uasset" 470
"C:/Users/wscke/Documents/GitHub/practicum-3/practicum3/Content/texures/T_AttackSphere_2/T_AttackSphere_2/AttackSphere2_M_Rings1_BaseColor.uexp" 471
"C:/Users/wscke/Documents/GitHub/practicum-3/practicum3/Content/texures/T_AttackSphere_2/T_AttackSphere_2/AttackSphere2_M_Rings1_Emissive.ubulk" 472
"C:/Users/wscke/Documents/GitHub/practicum-3/practicum3/Content/texures/T_AttackSphere_2/T_AttackSphere_2/AttackSphere2_M_Rings1_Emissive.uasset" 473
"C:/Users/wscke/Documents/GitHub/practicum-3/practicum3/Content/texures/T_AttackSphere_2/T_AttackSphere_2/AttackSphere2_M_Rings1_Emissive.uexp" 474
"C:/Users/wscke/Documents/GitHub/practicum-3/practicum3/Content/texures/T_AttackSphere_2/T_AttackSphere_2/AttackSphere2_M_Rings1_OcclusionRoughnessMetallic.ubulk" 475
"C:/Users/wscke/Documents/GitHub/practicum-3/practicum3/Content/texures/T_AttackSphere_2/T_AttackSphere_2/AttackSphere2_M_Rings1_OcclusionRoughnessMetallic.uasset" 476
"C:/Users/wscke/Documents/GitHub/practicum-3/practicum3/Content/texures/T_AttackSphere_2/T_AttackSphere_2/AttackSphere2_M_Rings1_OcclusionRoughnessMetallic.uexp" 477
"C:/Users/wscke/Documents/GitHub/practicum-3/practicum3/Content/textureSpheres/attack/M_ATtackSphere2.uasset" 478
"C:/Users/wscke/Documents/GitHub/practicum-3/practicum3/Content/textureSpheres/attack/M_ATtackSphere2.uexp" 479
"C:/Users/wscke/Documents/GitHub/practicum-3/practicum3/Content/ThirdPerson/Abilities/AbilityAssets/NormalShot/BP_Bullet.uasset" 480
"C:/Users/wscke/Documents/GitHub/practicum-3/practicum3/Content/ThirdPerson/Abilities/AbilityAssets/NormalShot/BP_Bullet.uexp" 481
"C:/Users/wscke/Documents/GitHub/practicum-3/practicum3/Content/ThirdPerson/Abilities/BPI_AbilityInterface.uasset" 482
"C:/Users/wscke/Documents/GitHub/practicum-3/practicum3/Content/ThirdPerson/Abilities/BPI_AbilityInterface.uexp" 483
"C:/Users/wscke/Documents/GitHub/practicum-3/practicum3/Content/ThirdPerson/Abilities/AbilityAssets/NormalShot/AC_NormalAttack.uasset" 484
"C:/Users/wscke/Documents/GitHub/practicum-3/practicum3/Content/ThirdPerson/Abilities/AbilityAssets/NormalShot/AC_NormalAttack.uexp" 485
"C:/Users/wscke/Documents/GitHub/practicum-3/practicum3/Content/ThirdPerson/Abilities/DT_Abilities.uasset" 486
"C:/Users/wscke/Documents/GitHub/practicum-3/practicum3/Content/ThirdPerson/Abilities/DT_Abilities.uexp" 487
"C:/Users/wscke/Documents/GitHub/practicum-3/practicum3/Content/GameMaster/BP_GameMaster.uasset" 488
"C:/Users/wscke/Documents/GitHub/practicum-3/practicum3/Content/GameMaster/BP_GameMaster.uexp" 489
"C:/Users/wscke/Documents/GitHub/practicum-3/practicum3/Content/animation/charater/walking/Start_Walking.uasset" 490
"C:/Users/wscke/Documents/GitHub/practicum-3/practicum3/Content/animation/charater/walking/Start_Walking.uexp" 491
"C:/Users/wscke/Documents/GitHub/practicum-3/practicum3/Content/animation/charater/AB_Charater.uasset" 492
"C:/Users/wscke/Documents/GitHub/practicum-3/practicum3/Content/animation/charater/AB_Charater.uexp" 493
"C:/Users/wscke/Documents/GitHub/practicum-3/practicum3/Content/ThirdPerson/Blueprints/BP_ThirdPersonCharacter.uasset" 494
"C:/Users/wscke/Documents/GitHub/practicum-3/practicum3/Content/ThirdPerson/Blueprints/BP_ThirdPersonCharacter.uexp" 495
"C:/Users/wscke/Documents/GitHub/practicum-3/practicum3/Content/GameMaster/Spawner/AC_Spawner.uasset" 496
"C:/Users/wscke/Documents/GitHub/practicum-3/practicum3/Content/GameMaster/Spawner/AC_Spawner.uexp" 497
"C:/Users/wscke/Documents/GitHub/practicum-3/practicum3/Content/Characters/Mannequins/Meshes/SK_Mannequin.uasset" 498
"C:/Users/wscke/Documents/GitHub/practicum-3/practicum3/Content/Characters/Mannequins/Meshes/SK_Mannequin.uexp" 499
"C:/Users/wscke/Documents/GitHub/practicum-3/practicum3/Content/Characters/Mannequins/Textures/Quinn/T_Quinn_02ID_MSR_MSK.ubulk" 500
"C:/Users/wscke/Documents/GitHub/practicum-3/practicum3/Content/Characters/Mannequins/Textures/Quinn/T_Quinn_02ID_MSR_MSK.uasset" 501
"C:/Users/wscke/Documents/GitHub/practicum-3/practicum3/Content/Characters/Mannequins/Textures/Quinn/T_Quinn_02ID_MSR_MSK.uexp" 502
"C:/Users/wscke/Documents/GitHub/practicum-3/practicum3/Content/Characters/Mannequins/Textures/Quinn/T_Quinn_02ID_BN.ubulk" 503
"C:/Users/wscke/Documents/GitHub/practicum-3/practicum3/Content/Characters/Mannequins/Textures/Quinn/T_Quinn_02ID_BN.uasset" 504
"C:/Users/wscke/Documents/GitHub/practicum-3/practicum3/Content/Characters/Mannequins/Textures/Quinn/T_Quinn_02ID_BN.uexp" 505
"C:/Users/wscke/Documents/GitHub/practicum-3/practicum3/Content/Characters/Mannequins/Textures/Quinn/T_Quinn_02_ASAOMASK_MSK.ubulk" 506
"C:/Users/wscke/Documents/GitHub/practicum-3/practicum3/Content/Characters/Mannequins/Textures/Quinn/T_Quinn_02_ASAOMASK_MSK.uasset" 507
"C:/Users/wscke/Documents/GitHub/practicum-3/practicum3/Content/Characters/Mannequins/Textures/Quinn/T_Quinn_02_ASAOMASK_MSK.uexp" 508
"C:/Users/wscke/Documents/GitHub/practicum-3/practicum3/Content/Characters/Mannequins/Textures/Quinn/T_Quinn_02_CCRCCPlastic_MSK.ubulk" 509
"C:/Users/wscke/Documents/GitHub/practicum-3/practicum3/Content/Characters/Mannequins/Textures/Quinn/T_Quinn_02_CCRCCPlastic_MSK.uasset" 510
"C:/Users/wscke/Documents/GitHub/practicum-3/practicum3/Content/Characters/Mannequins/Textures/Quinn/T_Quinn_02_CCRCCPlastic_MSK.uexp" 511
"C:/Users/wscke/Documents/GitHub/practicum-3/practicum3/Content/Characters/Mannequins/Textures/Quinn/T_Quinn_02ID_Tan.ubulk" 512
"C:/Users/wscke/Documents/GitHub/practicum-3/practicum3/Content/Characters/Mannequins/Textures/Quinn/T_Quinn_02ID_Tan.uasset" 513
"C:/Users/wscke/Documents/GitHub/practicum-3/practicum3/Content/Characters/Mannequins/Textures/Quinn/T_Quinn_02ID_Tan.uexp" 514
"C:/Users/wscke/Documents/GitHub/practicum-3/practicum3/Content/Characters/Mannequins/Textures/Quinn/T_Quinn_02ID_D.ubulk" 515
"C:/Users/wscke/Documents/GitHub/practicum-3/practicum3/Content/Characters/Mannequins/Textures/Quinn/T_Quinn_02ID_D.uasset" 516
"C:/Users/wscke/Documents/GitHub/practicum-3/practicum3/Content/Characters/Mannequins/Textures/Quinn/T_Quinn_02ID_D.uexp" 517
"C:/Users/wscke/Documents/GitHub/practicum-3/practicum3/Content/Characters/Mannequins/Textures/Quinn/T_Quinn_01ID_MSR_MSK.ubulk" 518
"C:/Users/wscke/Documents/GitHub/practicum-3/practicum3/Content/Characters/Mannequins/Textures/Quinn/T_Quinn_01ID_MSR_MSK.uasset" 519
"C:/Users/wscke/Documents/GitHub/practicum-3/practicum3/Content/Characters/Mannequins/Textures/Quinn/T_Quinn_01ID_MSR_MSK.uexp" 520
"C:/Users/wscke/Documents/GitHub/practicum-3/practicum3/Content/Characters/Mannequins/Materials/Functions/ChromaticCurve.uasset" 521
"C:/Users/wscke/Documents/GitHub/practicum-3/practicum3/Content/Characters/Mannequins/Materials/Functions/ChromaticCurve.uexp" 522
"C:/Users/wscke/Documents/GitHub/practicum-3/practicum3/Content/Characters/Mannequins/Materials/Functions/CA_Mannequin.uasset" 523
"C:/Users/wscke/Documents/GitHub/practicum-3/practicum3/Content/Characters/Mannequins/Materials/Functions/CA_Mannequin.uexp" 524
"C:/Users/wscke/Documents/GitHub/practicum-3/practicum3/Content/Characters/Mannequins/Materials/Functions/MF_Diffraction.uasset" 525
"C:/Users/wscke/Documents/GitHub/practicum-3/practicum3/Content/Characters/Mannequins/Materials/Functions/MF_Diffraction.uexp" 526
"C:/Users/wscke/Documents/GitHub/practicum-3/practicum3/Content/Characters/Mannequins/Textures/Manny/T_Manny_01_N.ubulk" 527
"C:/Users/wscke/Documents/GitHub/practicum-3/practicum3/Content/Characters/Mannequins/Textures/Manny/T_Manny_01_N.uasset" 528
"C:/Users/wscke/Documents/GitHub/practicum-3/practicum3/Content/Characters/Mannequins/Textures/Manny/T_Manny_01_N.uexp" 529
"C:/Users/wscke/Documents/GitHub/practicum-3/practicum3/Content/Characters/Mannequins/Materials/Functions/ML_BaseColorFallOff.uasset" 530
"C:/Users/wscke/Documents/GitHub/practicum-3/practicum3/Content/Characters/Mannequins/Materials/Functions/ML_BaseColorFallOff.uexp" 531
"../../../Engine/Content/Functions/Engine_MaterialFunctions02/Utility/BreakOutFloat2Components.uasset" 532
"../../../Engine/Content/Functions/Engine_MaterialFunctions02/Utility/BreakOutFloat2Components.uexp" 533
"../../../Engine/Content/Functions/Engine_MaterialFunctions01/Texturing/ScaleUVsByCenter.uasset" 534
"../../../Engine/Content/Functions/Engine_MaterialFunctions01/Texturing/ScaleUVsByCenter.uexp" 535
"C:/Users/wscke/Documents/GitHub/practicum-3/practicum3/Content/Characters/Mannequins/Textures/Shared/T_UE_Logo_M.uasset" 536
"C:/Users/wscke/Documents/GitHub/practicum-3/practicum3/Content/Characters/Mannequins/Textures/Shared/T_UE_Logo_M.uexp" 537
"C:/Users/wscke/Documents/GitHub/practicum-3/practicum3/Content/Characters/Mannequins/Materials/Functions/MF_logo3layers.uasset" 538
"C:/Users/wscke/Documents/GitHub/practicum-3/practicum3/Content/Characters/Mannequins/Materials/Functions/MF_logo3layers.uexp" 539
"C:/Users/wscke/Documents/GitHub/practicum-3/practicum3/Content/Characters/Mannequins/Textures/Manny/T_Manny_01_CCRCCPlastic_MSK.ubulk" 540
"C:/Users/wscke/Documents/GitHub/practicum-3/practicum3/Content/Characters/Mannequins/Textures/Manny/T_Manny_01_CCRCCPlastic_MSK.uasset" 541
"C:/Users/wscke/Documents/GitHub/practicum-3/practicum3/Content/Characters/Mannequins/Textures/Manny/T_Manny_01_CCRCCPlastic_MSK.uexp" 542
"C:/Users/wscke/Documents/GitHub/practicum-3/practicum3/Content/Characters/Mannequins/Textures/Manny/T_Manny_01_ASAOPMASK_MSK.ubulk" 543
"C:/Users/wscke/Documents/GitHub/practicum-3/practicum3/Content/Characters/Mannequins/Textures/Manny/T_Manny_01_ASAOPMASK_MSK.uasset" 544
"C:/Users/wscke/Documents/GitHub/practicum-3/practicum3/Content/Characters/Mannequins/Textures/Manny/T_Manny_01_ASAOPMASK_MSK.uexp" 545
"C:/Users/wscke/Documents/GitHub/practicum-3/practicum3/Content/Characters/Mannequins/Textures/Manny/T_Manny_01_MSR_MSK.ubulk" 546
"C:/Users/wscke/Documents/GitHub/practicum-3/practicum3/Content/Characters/Mannequins/Textures/Manny/T_Manny_01_MSR_MSK.uasset" 547
"C:/Users/wscke/Documents/GitHub/practicum-3/practicum3/Content/Characters/Mannequins/Textures/Manny/T_Manny_01_MSR_MSK.uexp" 548
"C:/Users/wscke/Documents/GitHub/practicum-3/practicum3/Content/Characters/Mannequins/Textures/Manny/T_Manny_01_BN.ubulk" 549
"C:/Users/wscke/Documents/GitHub/practicum-3/practicum3/Content/Characters/Mannequins/Textures/Manny/T_Manny_01_BN.uasset" 550
"C:/Users/wscke/Documents/GitHub/practicum-3/practicum3/Content/Characters/Mannequins/Textures/Manny/T_Manny_01_BN.uexp" 551
"C:/Users/wscke/Documents/GitHub/practicum-3/practicum3/Content/Characters/Mannequins/Textures/Manny/T_Manny_01_D.ubulk" 552
"C:/Users/wscke/Documents/GitHub/practicum-3/practicum3/Content/Characters/Mannequins/Textures/Manny/T_Manny_01_D.uasset" 553
"C:/Users/wscke/Documents/GitHub/practicum-3/practicum3/Content/Characters/Mannequins/Textures/Manny/T_Manny_01_D.uexp" 554
"C:/Users/wscke/Documents/GitHub/practicum-3/practicum3/Content/Characters/Mannequins/Textures/Manny/T_Manny_01_Tan.ubulk" 555
"C:/Users/wscke/Documents/GitHub/practicum-3/practicum3/Content/Characters/Mannequins/Textures/Manny/T_Manny_01_Tan.uasset" 556
"C:/Users/wscke/Documents/GitHub/practicum-3/practicum3/Content/Characters/Mannequins/Textures/Manny/T_Manny_01_Tan.uexp" 557
"C:/Users/wscke/Documents/GitHub/practicum-3/practicum3/Content/Characters/Mannequins/Materials/M_Mannequin.uasset" 558
"C:/Users/wscke/Documents/GitHub/practicum-3/practicum3/Content/Characters/Mannequins/Materials/M_Mannequin.uexp" 559
"C:/Users/wscke/Documents/GitHub/practicum-3/practicum3/Content/Characters/Mannequins/Textures/Quinn/T_Quinn_01_ASAOMASK_MSK.ubulk" 560
"C:/Users/wscke/Documents/GitHub/practicum-3/practicum3/Content/Characters/Mannequins/Textures/Quinn/T_Quinn_01_ASAOMASK_MSK.uasset" 561
"C:/Users/wscke/Documents/GitHub/practicum-3/practicum3/Content/Characters/Mannequins/Textures/Quinn/T_Quinn_01_ASAOMASK_MSK.uexp" 562
"C:/Users/wscke/Documents/GitHub/practicum-3/practicum3/Content/Characters/Mannequins/Textures/Quinn/T_Quinn_01ID_N.ubulk" 563
"C:/Users/wscke/Documents/GitHub/practicum-3/practicum3/Content/Characters/Mannequins/Textures/Quinn/T_Quinn_01ID_N.uasset" 564
"C:/Users/wscke/Documents/GitHub/practicum-3/practicum3/Content/Characters/Mannequins/Textures/Quinn/T_Quinn_01ID_N.uexp" 565
"C:/Users/wscke/Documents/GitHub/practicum-3/practicum3/Content/Characters/Mannequins/Textures/Quinn/T_Quinn_01ID_BN.ubulk" 566
"C:/Users/wscke/Documents/GitHub/practicum-3/practicum3/Content/Characters/Mannequins/Textures/Quinn/T_Quinn_01ID_BN.uasset" 567
"C:/Users/wscke/Documents/GitHub/practicum-3/practicum3/Content/Characters/Mannequins/Textures/Quinn/T_Quinn_01ID_BN.uexp" 568
"C:/Users/wscke/Documents/GitHub/practicum-3/practicum3/Content/Characters/Mannequins/Textures/Quinn/T_Quinn_01ID_D.ubulk" 569
"C:/Users/wscke/Documents/GitHub/practicum-3/practicum3/Content/Characters/Mannequins/Textures/Quinn/T_Quinn_01ID_D.uasset" 570
"C:/Users/wscke/Documents/GitHub/practicum-3/practicum3/Content/Characters/Mannequins/Textures/Quinn/T_Quinn_01ID_D.uexp" 571
"C:/Users/wscke/Documents/GitHub/practicum-3/practicum3/Content/Characters/Mannequins/Textures/Quinn/T_Quinn_01ID_Tan.ubulk" 572
"C:/Users/wscke/Documents/GitHub/practicum-3/practicum3/Content/Characters/Mannequins/Textures/Quinn/T_Quinn_01ID_Tan.uasset" 573
"C:/Users/wscke/Documents/GitHub/practicum-3/practicum3/Content/Characters/Mannequins/Textures/Quinn/T_Quinn_01ID_Tan.uexp" 574
"C:/Users/wscke/Documents/GitHub/practicum-3/practicum3/Content/Characters/Mannequins/Textures/Quinn/T_Quinn_01_CCRCCPlastic_MSK.ubulk" 575
"C:/Users/wscke/Documents/GitHub/practicum-3/practicum3/Content/Characters/Mannequins/Textures/Quinn/T_Quinn_01_CCRCCPlastic_MSK.uasset" 576
"C:/Users/wscke/Documents/GitHub/practicum-3/practicum3/Content/Characters/Mannequins/Textures/Quinn/T_Quinn_01_CCRCCPlastic_MSK.uexp" 577
"C:/Users/wscke/Documents/GitHub/practicum-3/practicum3/Content/Characters/Mannequins/Materials/Instances/Quinn/MI_Quinn_01.uasset" 578
"C:/Users/wscke/Documents/GitHub/practicum-3/practicum3/Content/Characters/Mannequins/Materials/Instances/Quinn/MI_Quinn_01.uexp" 579
"C:/Users/wscke/Documents/GitHub/practicum-3/practicum3/Content/Characters/Mannequins/Textures/Quinn/T_Quinn_02ID_N.ubulk" 580
"C:/Users/wscke/Documents/GitHub/practicum-3/practicum3/Content/Characters/Mannequins/Textures/Quinn/T_Quinn_02ID_N.uasset" 581
"C:/Users/wscke/Documents/GitHub/practicum-3/practicum3/Content/Characters/Mannequins/Textures/Quinn/T_Quinn_02ID_N.uexp" 582
"C:/Users/wscke/Documents/GitHub/practicum-3/practicum3/Content/Characters/Mannequins/Materials/Instances/Quinn/MI_Quinn_02.uasset" 583
"C:/Users/wscke/Documents/GitHub/practicum-3/practicum3/Content/Characters/Mannequins/Materials/Instances/Quinn/MI_Quinn_02.uexp" 584
"C:/Users/wscke/Documents/GitHub/practicum-3/practicum3/Content/Characters/Mannequins/Rigs/PA_Mannequin.uasset" 585
"C:/Users/wscke/Documents/GitHub/practicum-3/practicum3/Content/Characters/Mannequins/Rigs/PA_Mannequin.uexp" 586
"C:/Users/wscke/Documents/GitHub/practicum-3/practicum3/Content/Characters/Mannequins/Meshes/SKM_Quinn_Simple.uasset" 587
"C:/Users/wscke/Documents/GitHub/practicum-3/practicum3/Content/Characters/Mannequins/Meshes/SKM_Quinn_Simple.uexp" 588
"C:/Users/wscke/Documents/GitHub/practicum-3/practicum3/Content/animation/goblin/attacking/Heavy_Weapon_Swing__1_.uasset" 589
"C:/Users/wscke/Documents/GitHub/practicum-3/practicum3/Content/animation/goblin/attacking/Heavy_Weapon_Swing__1_.uexp" 590
"../../../Engine/Content/Animation/DefaultAnimCurveCompressionSettings.uasset" 591
"../../../Engine/Content/Animation/DefaultAnimCurveCompressionSettings.uexp" 592
"../../../Engine/Content/Animation/DefaultAnimBoneCompressionSettings.uasset" 593
"../../../Engine/Content/Animation/DefaultAnimBoneCompressionSettings.uexp" 594
"C:/Users/wscke/Documents/GitHub/practicum-3/practicum3/Content/Characters/Mannequins/Animations/Quinn/MF_Run_Fwd.uasset" 595
"C:/Users/wscke/Documents/GitHub/practicum-3/practicum3/Content/Characters/Mannequins/Animations/Quinn/MF_Run_Fwd.uexp" 596
"C:/Users/wscke/Documents/GitHub/practicum-3/practicum3/Content/Characters/Mannequins/Animations/Quinn/MF_Walk_Fwd.uasset" 597
"C:/Users/wscke/Documents/GitHub/practicum-3/practicum3/Content/Characters/Mannequins/Animations/Quinn/MF_Walk_Fwd.uexp" 598
"../../../Engine/Content/Animation/DefaultRecorderBoneCompression.uasset" 599
"../../../Engine/Content/Animation/DefaultRecorderBoneCompression.uexp" 600
"C:/Users/wscke/Documents/GitHub/practicum-3/practicum3/Content/Characters/Mannequins/Animations/Manny/MM_Walk_InPlace.uasset" 601
"C:/Users/wscke/Documents/GitHub/practicum-3/practicum3/Content/Characters/Mannequins/Animations/Manny/MM_Walk_InPlace.uexp" 602
"C:/Users/wscke/Documents/GitHub/practicum-3/practicum3/Content/Characters/Mannequins/Animations/Quinn/BS_MF_Unarmed_WalkRun.uasset" 603
"C:/Users/wscke/Documents/GitHub/practicum-3/practicum3/Content/Characters/Mannequins/Animations/Quinn/BS_MF_Unarmed_WalkRun.uexp" 604
"C:/Users/wscke/Documents/GitHub/practicum-3/practicum3/Content/Characters/Mannequins/Animations/Quinn/MF_Idle.uasset" 605
"C:/Users/wscke/Documents/GitHub/practicum-3/practicum3/Content/Characters/Mannequins/Animations/Quinn/MF_Idle.uexp" 606
"C:/Users/wscke/Documents/GitHub/practicum-3/practicum3/Content/Characters/Mannequins/Animations/Manny/MM_Fall_Loop.uasset" 607
"C:/Users/wscke/Documents/GitHub/practicum-3/practicum3/Content/Characters/Mannequins/Animations/Manny/MM_Fall_Loop.uexp" 608
"C:/Users/wscke/Documents/GitHub/practicum-3/practicum3/Content/Characters/Mannequins/Animations/Manny/MM_Jump.uasset" 609
"C:/Users/wscke/Documents/GitHub/practicum-3/practicum3/Content/Characters/Mannequins/Animations/Manny/MM_Jump.uexp" 610
"../../../Engine/Plugins/Animation/ControlRig/Content/Controls/DefaultGizmoLibrary.uasset" 611
"../../../Engine/Plugins/Animation/ControlRig/Content/Controls/DefaultGizmoLibrary.uexp" 612
"C:/Users/wscke/Documents/GitHub/practicum-3/practicum3/Content/Characters/Mannequins/Rigs/CR_Mannequin_BasicFootIK.uasset" 613
"C:/Users/wscke/Documents/GitHub/practicum-3/practicum3/Content/Characters/Mannequins/Rigs/CR_Mannequin_BasicFootIK.uexp" 614
"C:/Users/wscke/Documents/GitHub/practicum-3/practicum3/Content/Characters/Mannequins/Animations/Manny/MM_Run_Fwd.uasset" 615
"C:/Users/wscke/Documents/GitHub/practicum-3/practicum3/Content/Characters/Mannequins/Animations/Manny/MM_Run_Fwd.uexp" 616
"C:/Users/wscke/Documents/GitHub/practicum-3/practicum3/Content/Characters/Mannequins/Animations/Manny/MM_Walk_Fwd.uasset" 617
"C:/Users/wscke/Documents/GitHub/practicum-3/practicum3/Content/Characters/Mannequins/Animations/Manny/MM_Walk_Fwd.uexp" 618
"C:/Users/wscke/Documents/GitHub/practicum-3/practicum3/Content/Characters/Mannequins/Animations/Manny/BS_MM_WalkRun.uasset" 619
"C:/Users/wscke/Documents/GitHub/practicum-3/practicum3/Content/Characters/Mannequins/Animations/Manny/BS_MM_WalkRun.uexp" 620
"C:/Users/wscke/Documents/GitHub/practicum-3/practicum3/Content/Characters/Mannequins/Animations/Manny/MM_Land.uasset" 621
"C:/Users/wscke/Documents/GitHub/practicum-3/practicum3/Content/Characters/Mannequins/Animations/Manny/MM_Land.uexp" 622
"C:/Users/wscke/Documents/GitHub/practicum-3/practicum3/Content/Characters/Mannequins/Animations/Manny/MM_Idle.uasset" 623
"C:/Users/wscke/Documents/GitHub/practicum-3/practicum3/Content/Characters/Mannequins/Animations/Manny/MM_Idle.uexp" 624
"C:/Users/wscke/Documents/GitHub/practicum-3/practicum3/Content/Characters/Mannequins/Animations/ABP_Manny.uasset" 625
"C:/Users/wscke/Documents/GitHub/practicum-3/practicum3/Content/Characters/Mannequins/Animations/ABP_Manny.uexp" 626
"C:/Users/wscke/Documents/GitHub/practicum-3/practicum3/Content/Characters/Mannequins/Animations/ABP_Quinn.uasset" 627
"C:/Users/wscke/Documents/GitHub/practicum-3/practicum3/Content/Characters/Mannequins/Animations/ABP_Quinn.uexp" 628
"C:/Users/wscke/Documents/GitHub/practicum-3/practicum3/Content/AI/Enum/E_AI_State.uasset" 629
"C:/Users/wscke/Documents/GitHub/practicum-3/practicum3/Content/AI/Enum/E_AI_State.uexp" 630
"C:/Users/wscke/Documents/GitHub/practicum-3/practicum3/Content/AI/BB_Enemy_base.uasset" 631
"C:/Users/wscke/Documents/GitHub/practicum-3/practicum3/Content/AI/BB_Enemy_base.uexp" 632
"C:/Users/wscke/Documents/GitHub/practicum-3/practicum3/Content/AI/tasks/BTT_PatrolPath.uasset" 633
"C:/Users/wscke/Documents/GitHub/practicum-3/practicum3/Content/AI/tasks/BTT_PatrolPath.uexp" 634
"C:/Users/wscke/Documents/GitHub/practicum-3/practicum3/Content/AI/tasks/BTT_Attack.uasset" 635
"C:/Users/wscke/Documents/GitHub/practicum-3/practicum3/Content/AI/tasks/BTT_Attack.uexp" 636
"C:/Users/wscke/Documents/GitHub/practicum-3/practicum3/Content/AI/BT_Enemy_melee.uasset" 637
"C:/Users/wscke/Documents/GitHub/practicum-3/practicum3/Content/AI/BT_Enemy_melee.uexp" 638
"C:/Users/wscke/Documents/GitHub/practicum-3/practicum3/Content/AI/AIC_Enemy_melee.uasset" 639
"C:/Users/wscke/Documents/GitHub/practicum-3/practicum3/Content/AI/AIC_Enemy_melee.uexp" 640
"C:/Users/wscke/Documents/GitHub/practicum-3/practicum3/Content/AI/BP_Enemy_base.uasset" 641
"C:/Users/wscke/Documents/GitHub/practicum-3/practicum3/Content/AI/BP_Enemy_base.uexp" 642
"C:/Users/wscke/Documents/GitHub/practicum-3/practicum3/Content/AI/spawning_folder/redspawner/BP_redTeamSpawner.uasset" 643
"C:/Users/wscke/Documents/GitHub/practicum-3/practicum3/Content/AI/spawning_folder/redspawner/BP_redTeamSpawner.uexp" 644
"C:/Users/wscke/Documents/GitHub/practicum-3/practicum3/Content/AI/BT_Enemy_ranged.uasset" 645
"C:/Users/wscke/Documents/GitHub/practicum-3/practicum3/Content/AI/BT_Enemy_ranged.uexp" 646
"C:/Users/wscke/Documents/GitHub/practicum-3/practicum3/Content/AI/AIC_Enemy_ranged.uasset" 647
"C:/Users/wscke/Documents/GitHub/practicum-3/practicum3/Content/AI/AIC_Enemy_ranged.uexp" 648
"C:/Users/wscke/Documents/GitHub/practicum-3/practicum3/Content/AI/BP_Enemy_ranged.uasset" 649
"C:/Users/wscke/Documents/GitHub/practicum-3/practicum3/Content/AI/BP_Enemy_ranged.uexp" 650
"C:/Users/wscke/Documents/GitHub/practicum-3/practicum3/Content/AI/spawning_folder/blueSpawner/BP_blueTeamSpawner.uasset" 651
"C:/Users/wscke/Documents/GitHub/practicum-3/practicum3/Content/AI/spawning_folder/blueSpawner/BP_blueTeamSpawner.uexp" 652
"../../../Engine/Plugins/Runtime/MeshModelingToolset/Content/Materials/M_DynamicMeshComponentVtxColor.uasset" 653
"../../../Engine/Plugins/Runtime/MeshModelingToolset/Content/Materials/M_DynamicMeshComponentVtxColor.uexp" 654
"../../../Engine/Plugins/Interchange/Runtime/Content/Pipelines/DefaultTexturePipeline.uasset" 655
"../../../Engine/Plugins/Interchange/Runtime/Content/Pipelines/DefaultTexturePipeline.uexp" 656
"../../../Engine/Plugins/Interchange/Runtime/Content/Pipelines/DefaultSceneLevelPipeline.uasset" 657
"../../../Engine/Plugins/Interchange/Runtime/Content/Pipelines/DefaultSceneLevelPipeline.uexp" 658
"../../../Engine/Plugins/Interchange/Runtime/Content/Pipelines/DefaultSceneAssetsPipeline.uasset" 659
"../../../Engine/Plugins/Interchange/Runtime/Content/Pipelines/DefaultSceneAssetsPipeline.uexp" 660
"../../../Engine/Plugins/Interchange/Runtime/Content/Pipelines/DefaultMaterialXPipeline.uasset" 661
"../../../Engine/Plugins/Interchange/Runtime/Content/Pipelines/DefaultMaterialXPipeline.uexp" 662
"../../../Engine/Plugins/Interchange/Runtime/Content/Pipelines/DefaultMaterialPipeline.uasset" 663
"../../../Engine/Plugins/Interchange/Runtime/Content/Pipelines/DefaultMaterialPipeline.uexp" 664
"../../../Engine/Plugins/Interchange/Runtime/Content/Pipelines/DefaultGLTFSceneAssetsPipeline.uasset" 665
"../../../Engine/Plugins/Interchange/Runtime/Content/Pipelines/DefaultGLTFSceneAssetsPipeline.uexp" 666
"../../../Engine/Plugins/Interchange/Runtime/Content/Pipelines/DefaultGLTFPipeline.uasset" 667
"../../../Engine/Plugins/Interchange/Runtime/Content/Pipelines/DefaultGLTFPipeline.uexp" 668
"../../../Engine/Plugins/Interchange/Runtime/Content/Pipelines/DefaultGLTFAssetsPipeline.uasset" 669
"../../../Engine/Plugins/Interchange/Runtime/Content/Pipelines/DefaultGLTFAssetsPipeline.uexp" 670
"../../../Engine/Plugins/Interchange/Runtime/Content/Pipelines/DefaultAssetsPipeline.uasset" 671
"../../../Engine/Plugins/Interchange/Runtime/Content/Pipelines/DefaultAssetsPipeline.uexp" 672
"../../../Engine/Plugins/Interchange/Runtime/Content/Functions/MX_UsdPreviewSurface.uasset" 673
"../../../Engine/Plugins/Interchange/Runtime/Content/Functions/MX_UsdPreviewSurface.uexp" 674
"../../../Engine/Plugins/Interchange/Runtime/Content/Functions/MX_UniformEDF.uasset" 675
"../../../Engine/Plugins/Interchange/Runtime/Content/Functions/MX_UniformEDF.uexp" 676
"../../../Engine/Plugins/Interchange/Runtime/Content/Functions/MX_TranslucentBSDF.uasset" 677
"../../../Engine/Plugins/Interchange/Runtime/Content/Functions/MX_TranslucentBSDF.uexp" 678
"../../../Engine/Plugins/Interchange/Runtime/Content/Functions/MX_ThinFilmBSDF.uasset" 679
"../../../Engine/Plugins/Interchange/Runtime/Content/Functions/MX_ThinFilmBSDF.uexp" 680
"../../../Engine/Plugins/Interchange/Runtime/Content/Functions/MX_SurfaceUnlit.uasset" 681
"../../../Engine/Plugins/Interchange/Runtime/Content/Functions/MX_SurfaceUnlit.uexp" 682
"../../../Engine/Plugins/Interchange/Runtime/Content/Functions/MX_Surface.uasset" 683
"../../../Engine/Plugins/Interchange/Runtime/Content/Functions/MX_Surface.uexp" 684
"../../../Engine/Plugins/Interchange/Runtime/Content/Functions/MX_SubsurfaceBSDF.uasset" 685
"../../../Engine/Plugins/Interchange/Runtime/Content/Functions/MX_SubsurfaceBSDF.uexp" 686
"../../../Engine/Plugins/Interchange/Runtime/Content/Functions/MX_SheenBSDF.uasset" 687
"../../../Engine/Plugins/Interchange/Runtime/Content/Functions/MX_SheenBSDF.uexp" 688
"../../../Engine/Plugins/Interchange/Runtime/Content/Functions/MX_OrenNayarBSDF.uasset" 689
"../../../Engine/Plugins/Interchange/Runtime/Content/Functions/MX_OrenNayarBSDF.uexp" 690
"../../../Engine/Content/Functions/Engine_MaterialFunctions02/Utility/CameraDirectionVector.uasset" 691
"../../../Engine/Content/Functions/Engine_MaterialFunctions02/Utility/CameraDirectionVector.uexp" 692
"../../../Engine/Content/Functions/Engine_MaterialFunctions01/Volumetrics/BeersLaw.uasset" 693
"../../../Engine/Content/Functions/Engine_MaterialFunctions01/Volumetrics/BeersLaw.uexp" 694
"../../../Engine/Content/EngineMaterials/Good64x64TilingNoiseHighFreq.uasset" 695
"../../../Engine/Content/EngineMaterials/Good64x64TilingNoiseHighFreq.uexp" 696
"../../../Engine/Content/Functions/Engine_MaterialFunctions02/Texturing/ScreenAlignedPixelToPixelUVs.uasset" 697
"../../../Engine/Content/Functions/Engine_MaterialFunctions02/Texturing/ScreenAlignedPixelToPixelUVs.uexp" 698
"../../../Engine/Plugins/Interchange/Runtime/Content/gltf/MaterialFunctions/MF_Temporal_Blur.uasset" 699
"../../../Engine/Plugins/Interchange/Runtime/Content/gltf/MaterialFunctions/MF_Temporal_Blur.uexp" 700
"../../../Engine/Plugins/Interchange/Runtime/Content/gltf/MaterialFunctions/MF_Fresnel_DS.uasset" 701
"../../../Engine/Plugins/Interchange/Runtime/Content/gltf/MaterialFunctions/MF_Fresnel_DS.uexp" 702
"../../../Engine/Content/Functions/Engine_MaterialFunctions02/Utility/BreakOutFloat3Components.uasset" 703
"../../../Engine/Content/Functions/Engine_MaterialFunctions02/Utility/BreakOutFloat3Components.uexp" 704
"../../../Engine/Plugins/Interchange/Runtime/Content/Functions/MX_Transmission.uasset" 705
"../../../Engine/Plugins/Interchange/Runtime/Content/Functions/MX_Transmission.uexp" 706
"../../../Engine/Plugins/Interchange/Runtime/Content/Functions/MF_OrenNayerView.uasset" 707
"../../../Engine/Plugins/Interchange/Runtime/Content/Functions/MF_OrenNayerView.uexp" 708
"../../../Engine/Plugins/Interchange/Runtime/Content/Functions/MF_SchlickApprox.uasset" 709
"../../../Engine/Plugins/Interchange/Runtime/Content/Functions/MF_SchlickApprox.uexp" 710
"../../../Engine/Plugins/Interchange/Runtime/Content/Utilities/New_LUT.uasset" 711
"../../../Engine/Plugins/Interchange/Runtime/Content/Utilities/New_LUT.uexp" 712
"../../../Engine/Content/Functions/Engine_MaterialFunctions03/Math/RemapValueRange.uasset" 713
"../../../Engine/Content/Functions/Engine_MaterialFunctions03/Math/RemapValueRange.uexp" 714
"../../../Engine/Plugins/Interchange/Runtime/Content/Functions/MF_Iridescence.uasset" 715
"../../../Engine/Plugins/Interchange/Runtime/Content/Functions/MF_Iridescence.uexp" 716
"../../../Engine/Plugins/Interchange/Runtime/Content/Functions/MX_StandardSurface.uasset" 717
"../../../Engine/Plugins/Interchange/Runtime/Content/Functions/MX_StandardSurface.uexp" 718
"../../../Engine/Plugins/Interchange/Runtime/Content/Functions/MX_TransmissionSurface.uasset" 719
"../../../Engine/Plugins/Interchange/Runtime/Content/Functions/MX_TransmissionSurface.uexp" 720
"../../../Engine/Plugins/Interchange/Runtime/Content/Functions/MX_OpenPBR_Translucent.uasset" 721
"../../../Engine/Plugins/Interchange/Runtime/Content/Functions/MX_OpenPBR_Translucent.uexp" 722
"../../../Engine/Plugins/Interchange/Runtime/Content/Functions/MX_OpenPBR_Opaque.uasset" 723
"../../../Engine/Plugins/Interchange/Runtime/Content/Functions/MX_OpenPBR_Opaque.uexp" 724
"../../../Engine/Plugins/Interchange/Runtime/Content/Functions/MX_MeasuredEDF.uasset" 725
"../../../Engine/Plugins/Interchange/Runtime/Content/Functions/MX_MeasuredEDF.uexp" 726
"../../../Engine/Plugins/Interchange/Runtime/Content/Functions/MX_GeneralizedSchlickBSDF.uasset" 727
"../../../Engine/Plugins/Interchange/Runtime/Content/Functions/MX_GeneralizedSchlickBSDF.uexp" 728
"../../../Engine/Plugins/Interchange/Runtime/Content/Functions/MX_DielectricBSDF.uasset" 729
"../../../Engine/Plugins/Interchange/Runtime/Content/Functions/MX_DielectricBSDF.uexp" 730
"../../../Engine/Plugins/Interchange/Runtime/Content/Functions/MX_ConicalEDF.uasset" 731
"../../../Engine/Plugins/Interchange/Runtime/Content/Functions/MX_ConicalEDF.uexp" 732
"../../../Engine/Plugins/Interchange/Runtime/Content/Functions/MX_ConductorBSDF.uasset" 733
"../../../Engine/Plugins/Interchange/Runtime/Content/Functions/MX_ConductorBSDF.uexp" 734
"../../../Engine/Plugins/Interchange/Runtime/Content/Functions/MX_BurleyDiffuseBSDF.uasset" 735
"../../../Engine/Plugins/Interchange/Runtime/Content/Functions/MX_BurleyDiffuseBSDF.uexp" 736
"../../../Engine/Plugins/Interchange/Runtime/Content/Functions/MX_AnisotropicVDF.uasset" 737
"../../../Engine/Plugins/Interchange/Runtime/Content/Functions/MX_AnisotropicVDF.uexp" 738
"../../../Engine/Plugins/Interchange/Runtime/Content/Functions/MX_AbsorptionVDF.uasset" 739
"../../../Engine/Plugins/Interchange/Runtime/Content/Functions/MX_AbsorptionVDF.uexp" 740
"../../../Engine/Plugins/Editor/SpeedTreeImporter/Content/SpeedTree9/game_wind_noise.ubulk" 741
"../../../Engine/Plugins/Editor/SpeedTreeImporter/Content/SpeedTree9/game_wind_noise.uasset" 742
"../../../Engine/Plugins/Editor/SpeedTreeImporter/Content/SpeedTree9/game_wind_noise.uexp" 743
"../../../Engine/Plugins/Editor/SpeedTreeImporter/Content/SpeedTree9/UnpackDirection.uasset" 744
"../../../Engine/Plugins/Editor/SpeedTreeImporter/Content/SpeedTree9/UnpackDirection.uexp" 745
"../../../Engine/Content/Functions/Engine_MaterialFunctions02/ObjectLocalBounds.uasset" 746
"../../../Engine/Content/Functions/Engine_MaterialFunctions02/ObjectLocalBounds.uexp" 747
"../../../Engine/Content/Functions/Engine_MaterialFunctions02/UVs/BoundingBoxBased_0-1_UVW.uasset" 748
"../../../Engine/Content/Functions/Engine_MaterialFunctions02/UVs/BoundingBoxBased_0-1_UVW.uexp" 749
"../../../Engine/Content/Functions/Engine_MaterialFunctions02/Utility/VectorLength.uasset" 750
"../../../Engine/Content/Functions/Engine_MaterialFunctions02/Utility/VectorLength.uexp" 751
"../../../Engine/Plugins/Editor/SpeedTreeImporter/Content/SpeedTree9/UnpackInteger3.uasset" 752
"../../../Engine/Plugins/Editor/SpeedTreeImporter/Content/SpeedTree9/UnpackInteger3.uexp" 753
"../../../Engine/Plugins/Editor/SpeedTreeImporter/Content/SpeedTree9/SpeedTreeCameraFacing.uasset" 754
"../../../Engine/Plugins/Editor/SpeedTreeImporter/Content/SpeedTree9/SpeedTreeCameraFacing.uexp" 755
"../../../Engine/Content/Functions/Engine_MaterialFunctions02/WorldPositionOffset/ObjectScale.uasset" 756
"../../../Engine/Content/Functions/Engine_MaterialFunctions02/WorldPositionOffset/ObjectScale.uexp" 757
"../../../Engine/Content/Functions/Engine_MaterialFunctions02/SafeNormalize.uasset" 758
"../../../Engine/Content/Functions/Engine_MaterialFunctions02/SafeNormalize.uexp" 759
"../../../Engine/Plugins/Editor/SpeedTreeImporter/Content/SpeedTree9/SpeedTreeWindMotion.uasset" 760
"../../../Engine/Plugins/Editor/SpeedTreeImporter/Content/SpeedTree9/SpeedTreeWindMotion.uexp" 761
"../../../Engine/Plugins/Editor/SpeedTreeImporter/Content/SpeedTree9/SpeedTreeBranchMotion.uasset" 762
"../../../Engine/Plugins/Editor/SpeedTreeImporter/Content/SpeedTree9/SpeedTreeBranchMotion.uexp" 763
"../../../Engine/Plugins/Editor/SpeedTreeImporter/Content/SpeedTree9/SpeedTreeWind.uasset" 764
"../../../Engine/Plugins/Editor/SpeedTreeImporter/Content/SpeedTree9/SpeedTreeWind.uexp" 765
"../../../Engine/Plugins/Editor/SpeedTreeImporter/Content/SpeedTree9/EmptyNormal.uasset" 766
"../../../Engine/Plugins/Editor/SpeedTreeImporter/Content/SpeedTree9/EmptyNormal.uexp" 767
"../../../Engine/Plugins/Editor/SpeedTreeImporter/Content/SpeedTree9/Empty.uasset" 768
"../../../Engine/Plugins/Editor/SpeedTreeImporter/Content/SpeedTree9/Empty.uexp" 769
"../../../Engine/Plugins/Editor/SpeedTreeImporter/Content/SpeedTree9/SpeedTreeMaster.uasset" 770
"../../../Engine/Plugins/Editor/SpeedTreeImporter/Content/SpeedTree9/SpeedTreeMaster.uexp" 771
"../../../Engine/Plugins/Editor/SpeedTreeImporter/Content/SpeedTree9/SpeedTreeBillboard.uasset" 772
"../../../Engine/Plugins/Editor/SpeedTreeImporter/Content/SpeedTree9/SpeedTreeBillboard.uexp" 773
"../../../Engine/Plugins/Editor/SpeedTreeImporter/Content/SpeedTree9/SpeedTreeBillboardMaster.uasset" 774
"../../../Engine/Plugins/Editor/SpeedTreeImporter/Content/SpeedTree9/SpeedTreeBillboardMaster.uexp" 775
"../../../Engine/Plugins/Animation/ControlRig/Content/Controls/ControlRig_Wedge_solid.ubulk" 776
"../../../Engine/Plugins/Animation/ControlRig/Content/Controls/ControlRig_Wedge_solid.uasset" 777
"../../../Engine/Plugins/Animation/ControlRig/Content/Controls/ControlRig_Wedge_solid.uexp" 778
"../../../Engine/Plugins/Animation/ControlRig/Content/Controls/ControlRig_Wedge_3mm.ubulk" 779
"../../../Engine/Plugins/Animation/ControlRig/Content/Controls/ControlRig_Wedge_3mm.uasset" 780
"../../../Engine/Plugins/Animation/ControlRig/Content/Controls/ControlRig_Wedge_3mm.uexp" 781
"../../../Engine/Plugins/Animation/ControlRig/Content/Controls/ControlRig_Wedge_1mm.ubulk" 782
"../../../Engine/Plugins/Animation/ControlRig/Content/Controls/ControlRig_Wedge_1mm.uasset" 783
"../../../Engine/Plugins/Animation/ControlRig/Content/Controls/ControlRig_Wedge_1mm.uexp" 784
"../../../Engine/Plugins/Animation/ControlRig/Content/Controls/ControlRig_Triangle_solid.ubulk" 785
"../../../Engine/Plugins/Animation/ControlRig/Content/Controls/ControlRig_Triangle_solid.uasset" 786
"../../../Engine/Plugins/Animation/ControlRig/Content/Controls/ControlRig_Triangle_solid.uexp" 787
"../../../Engine/Plugins/Animation/ControlRig/Content/Controls/ControlRig_Triangle_3mm.ubulk" 788
"../../../Engine/Plugins/Animation/ControlRig/Content/Controls/ControlRig_Triangle_3mm.uasset" 789
"../../../Engine/Plugins/Animation/ControlRig/Content/Controls/ControlRig_Triangle_3mm.uexp" 790
"../../../Engine/Plugins/Animation/ControlRig/Content/Controls/ControlRig_Triangle_1mm.ubulk" 791
"../../../Engine/Plugins/Animation/ControlRig/Content/Controls/ControlRig_Triangle_1mm.uasset" 792
"../../../Engine/Plugins/Animation/ControlRig/Content/Controls/ControlRig_Triangle_1mm.uexp" 793
"../../../Engine/Plugins/Animation/ControlRig/Content/Controls/ControlRig_Star4_solid.ubulk" 794
"../../../Engine/Plugins/Animation/ControlRig/Content/Controls/ControlRig_Star4_solid.uasset" 795
"../../../Engine/Plugins/Animation/ControlRig/Content/Controls/ControlRig_Star4_solid.uexp" 796
"../../../Engine/Plugins/Animation/ControlRig/Content/Controls/ControlRig_Star4_3mm.ubulk" 797
"../../../Engine/Plugins/Animation/ControlRig/Content/Controls/ControlRig_Star4_3mm.uasset" 798
"../../../Engine/Plugins/Animation/ControlRig/Content/Controls/ControlRig_Star4_3mm.uexp" 799
"../../../Engine/Plugins/Animation/ControlRig/Content/Controls/ControlRig_Star4_1mm.ubulk" 800
"../../../Engine/Plugins/Animation/ControlRig/Content/Controls/ControlRig_Star4_1mm.uasset" 801
"../../../Engine/Plugins/Animation/ControlRig/Content/Controls/ControlRig_Star4_1mm.uexp" 802
"../../../Engine/Plugins/Animation/ControlRig/Content/Controls/ControlRig_Square_solid.ubulk" 803
"../../../Engine/Plugins/Animation/ControlRig/Content/Controls/ControlRig_Square_solid.uasset" 804
"../../../Engine/Plugins/Animation/ControlRig/Content/Controls/ControlRig_Square_solid.uexp" 805
"../../../Engine/Plugins/Animation/ControlRig/Content/Controls/ControlRig_Square_3mm.ubulk" 806
"../../../Engine/Plugins/Animation/ControlRig/Content/Controls/ControlRig_Square_3mm.uasset" 807
"../../../Engine/Plugins/Animation/ControlRig/Content/Controls/ControlRig_Square_3mm.uexp" 808
"../../../Engine/Plugins/Animation/ControlRig/Content/Controls/ControlRig_Square_1mm.ubulk" 809
"../../../Engine/Plugins/Animation/ControlRig/Content/Controls/ControlRig_Square_1mm.uasset" 810
"../../../Engine/Plugins/Animation/ControlRig/Content/Controls/ControlRig_Square_1mm.uexp" 811
"../../../Engine/Plugins/Animation/ControlRig/Content/Controls/ControlRig_Sphere_solid.ubulk" 812
"../../../Engine/Plugins/Animation/ControlRig/Content/Controls/ControlRig_Sphere_solid.uasset" 813
"../../../Engine/Plugins/Animation/ControlRig/Content/Controls/ControlRig_Sphere_solid.uexp" 814
"../../../Engine/Plugins/Animation/ControlRig/Content/Controls/ControlRig_Sphere_3mm.ubulk" 815
"../../../Engine/Plugins/Animation/ControlRig/Content/Controls/ControlRig_Sphere_3mm.uasset" 816
"../../../Engine/Plugins/Animation/ControlRig/Content/Controls/ControlRig_Sphere_3mm.uexp" 817
"../../../Engine/Plugins/Animation/ControlRig/Content/Controls/ControlRig_Sphere_1mm.ubulk" 818
"../../../Engine/Plugins/Animation/ControlRig/Content/Controls/ControlRig_Sphere_1mm.uasset" 819
"../../../Engine/Plugins/Animation/ControlRig/Content/Controls/ControlRig_Sphere_1mm.uexp" 820
"../../../Engine/Plugins/Animation/ControlRig/Content/Controls/ControlRig_RoundedTriangle_solid.ubulk" 821
"../../../Engine/Plugins/Animation/ControlRig/Content/Controls/ControlRig_RoundedTriangle_solid.uasset" 822
"../../../Engine/Plugins/Animation/ControlRig/Content/Controls/ControlRig_RoundedTriangle_solid.uexp" 823
"../../../Engine/Plugins/Animation/ControlRig/Content/Controls/ControlRig_RoundedTriangle_3mm.ubulk" 824
"../../../Engine/Plugins/Animation/ControlRig/Content/Controls/ControlRig_RoundedTriangle_3mm.uasset" 825
"../../../Engine/Plugins/Animation/ControlRig/Content/Controls/ControlRig_RoundedTriangle_3mm.uexp" 826
"../../../Engine/Plugins/Animation/ControlRig/Content/Controls/ControlRig_RoundedTriangle_1mm.ubulk" 827
"../../../Engine/Plugins/Animation/ControlRig/Content/Controls/ControlRig_RoundedTriangle_1mm.uasset" 828
"../../../Engine/Plugins/Animation/ControlRig/Content/Controls/ControlRig_RoundedTriangle_1mm.uexp" 829
"../../../Engine/Plugins/Animation/ControlRig/Content/Controls/ControlRig_RoundedSquare_solid.ubulk" 830
"../../../Engine/Plugins/Animation/ControlRig/Content/Controls/ControlRig_RoundedSquare_solid.uasset" 831
"../../../Engine/Plugins/Animation/ControlRig/Content/Controls/ControlRig_RoundedSquare_solid.uexp" 832
"../../../Engine/Plugins/Animation/ControlRig/Content/Controls/ControlRig_RoundedSquare_3mm.ubulk" 833
"../../../Engine/Plugins/Animation/ControlRig/Content/Controls/ControlRig_RoundedSquare_3mm.uasset" 834
"../../../Engine/Plugins/Animation/ControlRig/Content/Controls/ControlRig_RoundedSquare_3mm.uexp" 835
"../../../Engine/Plugins/Animation/ControlRig/Content/Controls/ControlRig_RoundedSquare_1mm.ubulk" 836
"../../../Engine/Plugins/Animation/ControlRig/Content/Controls/ControlRig_RoundedSquare_1mm.uasset" 837
"../../../Engine/Plugins/Animation/ControlRig/Content/Controls/ControlRig_RoundedSquare_1mm.uexp" 838
"../../../Engine/Plugins/Animation/ControlRig/Content/Controls/ControlRig_QuarterCircle_solid.ubulk" 839
"../../../Engine/Plugins/Animation/ControlRig/Content/Controls/ControlRig_QuarterCircle_solid.uasset" 840
"../../../Engine/Plugins/Animation/ControlRig/Content/Controls/ControlRig_QuarterCircle_solid.uexp" 841
"../../../Engine/Plugins/Animation/ControlRig/Content/Controls/ControlRig_QuarterCircle_3mm.ubulk" 842
"../../../Engine/Plugins/Animation/ControlRig/Content/Controls/ControlRig_QuarterCircle_3mm.uasset" 843
"../../../Engine/Plugins/Animation/ControlRig/Content/Controls/ControlRig_QuarterCircle_3mm.uexp" 844
"../../../Engine/Plugins/Animation/ControlRig/Content/Controls/ControlRig_QuarterCircle_1mm.ubulk" 845
"../../../Engine/Plugins/Animation/ControlRig/Content/Controls/ControlRig_QuarterCircle_1mm.uasset" 846
"../../../Engine/Plugins/Animation/ControlRig/Content/Controls/ControlRig_QuarterCircle_1mm.uexp" 847
"../../../Engine/Plugins/Animation/ControlRig/Content/Controls/ControlRig_Pyramid_solid.ubulk" 848
"../../../Engine/Plugins/Animation/ControlRig/Content/Controls/ControlRig_Pyramid_solid.uasset" 849
"../../../Engine/Plugins/Animation/ControlRig/Content/Controls/ControlRig_Pyramid_solid.uexp" 850
"../../../Engine/Plugins/Animation/ControlRig/Content/Controls/ControlRig_Pyramid_3mm.ubulk" 851
"../../../Engine/Plugins/Animation/ControlRig/Content/Controls/ControlRig_Pyramid_3mm.uasset" 852
"../../../Engine/Plugins/Animation/ControlRig/Content/Controls/ControlRig_Pyramid_3mm.uexp" 853
"../../../Engine/Plugins/Animation/ControlRig/Content/Controls/ControlRig_Pyramid_1mm.ubulk" 854
"../../../Engine/Plugins/Animation/ControlRig/Content/Controls/ControlRig_Pyramid_1mm.uasset" 855
"../../../Engine/Plugins/Animation/ControlRig/Content/Controls/ControlRig_Pyramid_1mm.uexp" 856
"../../../Engine/Plugins/Animation/ControlRig/Content/Controls/ControlRig_Octagon_solid.ubulk" 857
"../../../Engine/Plugins/Animation/ControlRig/Content/Controls/ControlRig_Octagon_solid.uasset" 858
"../../../Engine/Plugins/Animation/ControlRig/Content/Controls/ControlRig_Octagon_solid.uexp" 859
"../../../Engine/Plugins/Animation/ControlRig/Content/Controls/ControlRig_Octagon_3mm.ubulk" 860
"../../../Engine/Plugins/Animation/ControlRig/Content/Controls/ControlRig_Octagon_3mm.uasset" 861
"../../../Engine/Plugins/Animation/ControlRig/Content/Controls/ControlRig_Octagon_3mm.uexp" 862
"../../../Engine/Plugins/Animation/ControlRig/Content/Controls/ControlRig_Octagon_1mm.ubulk" 863
"../../../Engine/Plugins/Animation/ControlRig/Content/Controls/ControlRig_Octagon_1mm.uasset" 864
"../../../Engine/Plugins/Animation/ControlRig/Content/Controls/ControlRig_Octagon_1mm.uexp" 865
"../../../Engine/Plugins/Animation/ControlRig/Content/Controls/ControlRig_Hexagon_solid.ubulk" 866
"../../../Engine/Plugins/Animation/ControlRig/Content/Controls/ControlRig_Hexagon_solid.uasset" 867
"../../../Engine/Plugins/Animation/ControlRig/Content/Controls/ControlRig_Hexagon_solid.uexp" 868
"../../../Engine/Plugins/Animation/ControlRig/Content/Controls/ControlRig_Hexagon_3mm.ubulk" 869
"../../../Engine/Plugins/Animation/ControlRig/Content/Controls/ControlRig_Hexagon_3mm.uasset" 870
"../../../Engine/Plugins/Animation/ControlRig/Content/Controls/ControlRig_Hexagon_3mm.uexp" 871
"../../../Engine/Plugins/Animation/ControlRig/Content/Controls/ControlRig_Hexagon_1mm.ubulk" 872
"../../../Engine/Plugins/Animation/ControlRig/Content/Controls/ControlRig_Hexagon_1mm.uasset" 873
"../../../Engine/Plugins/Animation/ControlRig/Content/Controls/ControlRig_Hexagon_1mm.uexp" 874
"../../../Engine/Plugins/Animation/ControlRig/Content/Controls/ControlRig_HalfCircle_solid.ubulk" 875
"../../../Engine/Plugins/Animation/ControlRig/Content/Controls/ControlRig_HalfCircle_solid.uasset" 876
"../../../Engine/Plugins/Animation/ControlRig/Content/Controls/ControlRig_HalfCircle_solid.uexp" 877
"../../../Engine/Plugins/Animation/ControlRig/Content/Controls/ControlRig_HalfCircle_3mm.ubulk" 878
"../../../Engine/Plugins/Animation/ControlRig/Content/Controls/ControlRig_HalfCircle_3mm.uasset" 879
"../../../Engine/Plugins/Animation/ControlRig/Content/Controls/ControlRig_HalfCircle_3mm.uexp" 880
"../../../Engine/Plugins/Animation/ControlRig/Content/Controls/ControlRig_HalfCircle_1mm.ubulk" 881
"../../../Engine/Plugins/Animation/ControlRig/Content/Controls/ControlRig_HalfCircle_1mm.uasset" 882
"../../../Engine/Plugins/Animation/ControlRig/Content/Controls/ControlRig_HalfCircle_1mm.uexp" 883
"../../../Engine/Plugins/Animation/ControlRig/Content/Controls/ControlRig_Diamond_solid.ubulk" 884
"../../../Engine/Plugins/Animation/ControlRig/Content/Controls/ControlRig_Diamond_solid.uasset" 885
"../../../Engine/Plugins/Animation/ControlRig/Content/Controls/ControlRig_Diamond_solid.uexp" 886
"../../../Engine/Plugins/Animation/ControlRig/Content/Controls/ControlRig_Diamond_3mm.ubulk" 887
"../../../Engine/Plugins/Animation/ControlRig/Content/Controls/ControlRig_Diamond_3mm.uasset" 888
"../../../Engine/Plugins/Animation/ControlRig/Content/Controls/ControlRig_Diamond_3mm.uexp" 889
"../../../Engine/Plugins/Animation/ControlRig/Content/Controls/ControlRig_Diamond_1mm.ubulk" 890
"../../../Engine/Plugins/Animation/ControlRig/Content/Controls/ControlRig_Diamond_1mm.uasset" 891
"../../../Engine/Plugins/Animation/ControlRig/Content/Controls/ControlRig_Diamond_1mm.uexp" 892
"../../../Engine/Plugins/Animation/ControlRig/Content/Controls/ControlRig_Circle_solid.ubulk" 893
"../../../Engine/Plugins/Animation/ControlRig/Content/Controls/ControlRig_Circle_solid.uasset" 894
"../../../Engine/Plugins/Animation/ControlRig/Content/Controls/ControlRig_Circle_solid.uexp" 895
"../../../Engine/Plugins/Animation/ControlRig/Content/Controls/ControlRig_Circle_3mm.ubulk" 896
"../../../Engine/Plugins/Animation/ControlRig/Content/Controls/ControlRig_Circle_3mm.uasset" 897
"../../../Engine/Plugins/Animation/ControlRig/Content/Controls/ControlRig_Circle_3mm.uexp" 898
"../../../Engine/Plugins/Animation/ControlRig/Content/Controls/ControlRig_Circle_1mm.ubulk" 899
"../../../Engine/Plugins/Animation/ControlRig/Content/Controls/ControlRig_Circle_1mm.uasset" 900
"../../../Engine/Plugins/Animation/ControlRig/Content/Controls/ControlRig_Circle_1mm.uexp" 901
"../../../Engine/Plugins/Animation/ControlRig/Content/Controls/ControlRig_Box_solid.ubulk" 902
"../../../Engine/Plugins/Animation/ControlRig/Content/Controls/ControlRig_Box_solid.uasset" 903
"../../../Engine/Plugins/Animation/ControlRig/Content/Controls/ControlRig_Box_solid.uexp" 904
"../../../Engine/Plugins/Animation/ControlRig/Content/Controls/ControlRig_Box_3mm.ubulk" 905
"../../../Engine/Plugins/Animation/ControlRig/Content/Controls/ControlRig_Box_3mm.uasset" 906
"../../../Engine/Plugins/Animation/ControlRig/Content/Controls/ControlRig_Box_3mm.uexp" 907
"../../../Engine/Plugins/Animation/ControlRig/Content/Controls/ControlRig_Box_1mm.ubulk" 908
"../../../Engine/Plugins/Animation/ControlRig/Content/Controls/ControlRig_Box_1mm.uasset" 909
"../../../Engine/Plugins/Animation/ControlRig/Content/Controls/ControlRig_Box_1mm.uexp" 910
"../../../Engine/Plugins/Animation/ControlRig/Content/Controls/ControlRig_Arrow_solid.ubulk" 911
"../../../Engine/Plugins/Animation/ControlRig/Content/Controls/ControlRig_Arrow_solid.uasset" 912
"../../../Engine/Plugins/Animation/ControlRig/Content/Controls/ControlRig_Arrow_solid.uexp" 913
"../../../Engine/Plugins/Animation/ControlRig/Content/Controls/ControlRig_Arrow_3mm.ubulk" 914
"../../../Engine/Plugins/Animation/ControlRig/Content/Controls/ControlRig_Arrow_3mm.uasset" 915
"../../../Engine/Plugins/Animation/ControlRig/Content/Controls/ControlRig_Arrow_3mm.uexp" 916
"../../../Engine/Plugins/Animation/ControlRig/Content/Controls/ControlRig_Arrow_1mm.ubulk" 917
"../../../Engine/Plugins/Animation/ControlRig/Content/Controls/ControlRig_Arrow_1mm.uasset" 918
"../../../Engine/Plugins/Animation/ControlRig/Content/Controls/ControlRig_Arrow_1mm.uexp" 919
"../../../Engine/Plugins/Animation/ControlRig/Content/Controls/ControlRig_Arrow4_solid.ubulk" 920
"../../../Engine/Plugins/Animation/ControlRig/Content/Controls/ControlRig_Arrow4_solid.uasset" 921
"../../../Engine/Plugins/Animation/ControlRig/Content/Controls/ControlRig_Arrow4_solid.uexp" 922
"../../../Engine/Plugins/Animation/ControlRig/Content/Controls/ControlRig_Arrow4_3mm.ubulk" 923
"../../../Engine/Plugins/Animation/ControlRig/Content/Controls/ControlRig_Arrow4_3mm.uasset" 924
"../../../Engine/Plugins/Animation/ControlRig/Content/Controls/ControlRig_Arrow4_3mm.uexp" 925
"../../../Engine/Plugins/Animation/ControlRig/Content/Controls/ControlRig_Arrow4_1mm.ubulk" 926
"../../../Engine/Plugins/Animation/ControlRig/Content/Controls/ControlRig_Arrow4_1mm.uasset" 927
"../../../Engine/Plugins/Animation/ControlRig/Content/Controls/ControlRig_Arrow4_1mm.uexp" 928
"../../../Engine/Plugins/Animation/ControlRig/Content/Controls/ControlRig_Arrow2_solid.ubulk" 929
"../../../Engine/Plugins/Animation/ControlRig/Content/Controls/ControlRig_Arrow2_solid.uasset" 930
"../../../Engine/Plugins/Animation/ControlRig/Content/Controls/ControlRig_Arrow2_solid.uexp" 931
"../../../Engine/Plugins/Animation/ControlRig/Content/Controls/ControlRig_Arrow2_3mm.ubulk" 932
"../../../Engine/Plugins/Animation/ControlRig/Content/Controls/ControlRig_Arrow2_3mm.uasset" 933
"../../../Engine/Plugins/Animation/ControlRig/Content/Controls/ControlRig_Arrow2_3mm.uexp" 934
"../../../Engine/Plugins/Animation/ControlRig/Content/Controls/ControlRig_Arrow2_1mm.ubulk" 935
"../../../Engine/Plugins/Animation/ControlRig/Content/Controls/ControlRig_Arrow2_1mm.uasset" 936
"../../../Engine/Plugins/Animation/ControlRig/Content/Controls/ControlRig_Arrow2_1mm.uexp" 937
"../../../Engine/Plugins/Animation/ControlRig/Content/Controls/ControlRigXRayMaterial.uasset" 938
"../../../Engine/Plugins/Animation/ControlRig/Content/Controls/ControlRigXRayMaterial.uexp" 939
"../../../Engine/Plugins/Animation/ControlRig/Content/Controls/ControlRigGizmoMaterial.uasset" 940
"../../../Engine/Plugins/Animation/ControlRig/Content/Controls/ControlRigGizmoMaterial.uexp" 941
"../../../Engine/Content/VREditor/TransformGizmo/StartRotationHandleIndicator.ubulk" 942
"../../../Engine/Content/VREditor/TransformGizmo/StartRotationHandleIndicator.uasset" 943
"../../../Engine/Content/VREditor/TransformGizmo/StartRotationHandleIndicator.uexp" 944
"../../../Engine/Content/VREditor/Sounds/UI/Drop_Item_From_ContentBrowser.ubulk" 945
"../../../Engine/Content/VREditor/Sounds/UI/Drop_Item_From_ContentBrowser.uasset" 946
"../../../Engine/Content/VREditor/Sounds/UI/Drop_Item_From_ContentBrowser.uexp" 947
"../../../Engine/Content/VREditor/TransformGizmo/PlaneTranslationHandle.ubulk" 948
"../../../Engine/Content/VREditor/TransformGizmo/PlaneTranslationHandle.uasset" 949
"../../../Engine/Content/VREditor/TransformGizmo/PlaneTranslationHandle.uexp" 950
"../../../Engine/Content/VREditor/Sounds/UI/Object_Snaps_To_Grid.ubulk" 951
"../../../Engine/Content/VREditor/Sounds/UI/Object_Snaps_To_Grid.uasset" 952
"../../../Engine/Content/VREditor/Sounds/UI/Object_Snaps_To_Grid.uexp" 953
"../../../Engine/Content/VREditor/Sounds/UI/Selection_Changes.ubulk" 954
"../../../Engine/Content/VREditor/Sounds/UI/Selection_Changes.uasset" 955
"../../../Engine/Content/VREditor/Sounds/UI/Selection_Changes.uexp" 956
"../../../Engine/Content/VREditor/Sounds/UI/Object_Snaps_To_Another_Actor.ubulk" 957
"../../../Engine/Content/VREditor/Sounds/UI/Object_Snaps_To_Another_Actor.uasset" 958
"../../../Engine/Content/VREditor/Sounds/UI/Object_Snaps_To_Another_Actor.uexp" 959
"../../../Engine/Content/VREditor/TransformGizmo/TranslucentTransformGizmoMaterial_Inst.uasset" 960
"../../../Engine/Content/VREditor/TransformGizmo/TranslucentTransformGizmoMaterial_Inst.uexp" 961
"../../../Engine/Content/VREditor/TransformGizmo/TransformGizmoFreeRotation.ubulk" 962
"../../../Engine/Content/VREditor/TransformGizmo/TransformGizmoFreeRotation.uasset" 963
"../../../Engine/Content/VREditor/TransformGizmo/TransformGizmoFreeRotation.uexp" 964
"../../../Engine/Content/VREditor/Sounds/UI/Scaling_Down.ubulk" 965
"../../../Engine/Content/VREditor/Sounds/UI/Scaling_Down.uasset" 966
"../../../Engine/Content/VREditor/Sounds/UI/Scaling_Down.uexp" 967
"../../../Engine/Content/Functions/Engine_MaterialFunctions02/Math/Transform3x3Matrix.uasset" 968
"../../../Engine/Content/Functions/Engine_MaterialFunctions02/Math/Transform3x3Matrix.uexp" 969
"../../../Engine/Content/Functions/Engine_MaterialFunctions02/SplitComponents.uasset" 970
"../../../Engine/Content/Functions/Engine_MaterialFunctions02/SplitComponents.uexp" 971
"../../../Engine/Content/Functions/Engine_MaterialFunctions02/Utility/MakeFloat3.uasset" 972
"../../../Engine/Content/Functions/Engine_MaterialFunctions02/Utility/MakeFloat3.uexp" 973
"../../../Engine/Content/VREditor/SnapGrid/SnapGridMaterial.uasset" 974
"../../../Engine/Content/VREditor/SnapGrid/SnapGridMaterial.uexp" 975
"../../../Engine/Content/VREditor/SnapGrid/SnapGridPlaneMesh.ubulk" 976
"../../../Engine/Content/VREditor/SnapGrid/SnapGridPlaneMesh.uasset" 977
"../../../Engine/Content/VREditor/SnapGrid/SnapGridPlaneMesh.uexp" 978
"../../../Engine/Content/VREditor/Sounds/UI/Scaling_Up.ubulk" 979
"../../../Engine/Content/VREditor/Sounds/UI/Scaling_Up.uasset" 980
"../../../Engine/Content/VREditor/Sounds/UI/Scaling_Up.uexp" 981
"../../../Engine/Content/VREditor/TransformGizmo/TransformGizmoMaterial_Inst.uasset" 982
"../../../Engine/Content/VREditor/TransformGizmo/TransformGizmoMaterial_Inst.uexp" 983
"../../../Engine/Content/VREditor/Sounds/UI/Gizmo_Handle_Clicked.ubulk" 984
"../../../Engine/Content/VREditor/Sounds/UI/Gizmo_Handle_Clicked.uasset" 985
"../../../Engine/Content/VREditor/Sounds/UI/Gizmo_Handle_Clicked.uexp" 986
"../../../Engine/Content/VREditor/TransformGizmo/RotationHandleQuarter.ubulk" 987
"../../../Engine/Content/VREditor/TransformGizmo/RotationHandleQuarter.uasset" 988
"../../../Engine/Content/VREditor/TransformGizmo/RotationHandleQuarter.uexp" 989
"../../../Engine/Content/VREditor/TransformGizmo/TranslateArrowHandle.ubulk" 990
"../../../Engine/Content/VREditor/TransformGizmo/TranslateArrowHandle.uasset" 991
"../../../Engine/Content/VREditor/TransformGizmo/TranslateArrowHandle.uexp" 992
"../../../Engine/Content/VREditor/TransformGizmo/RotationHandleIndicator.ubulk" 993
"../../../Engine/Content/VREditor/TransformGizmo/RotationHandleIndicator.uasset" 994
"../../../Engine/Content/VREditor/TransformGizmo/RotationHandleIndicator.uexp" 995
"../../../Engine/Content/VREditor/TransformGizmo/UniformScaleHandle.ubulk" 996
"../../../Engine/Content/VREditor/TransformGizmo/UniformScaleHandle.uasset" 997
"../../../Engine/Content/VREditor/TransformGizmo/UniformScaleHandle.uexp" 998
"../../../Engine/Content/VREditor/TransformGizmo/RotationHandleFull.ubulk" 999
"../../../Engine/Content/VREditor/TransformGizmo/RotationHandleFull.uasset" 1000
"../../../Engine/Content/VREditor/TransformGizmo/RotationHandleFull.uexp" 1001
"../../../Engine/Content/VREditor/Sounds/UI/Object_PickUp.ubulk" 1002
"../../../Engine/Content/VREditor/Sounds/UI/Object_PickUp.uasset" 1003
"../../../Engine/Content/VREditor/Sounds/UI/Object_PickUp.uexp" 1004
"../../../Engine/Content/EngineSounds/Master.uasset" 1005
"../../../Engine/Content/EngineSounds/Master.uexp" 1006
"../../../Engine/Content/EngineResources/WhiteSquareTexture.uasset" 1007
"../../../Engine/Content/EngineResources/WhiteSquareTexture.uexp" 1008
"../../../Engine/Content/EngineMaterials/Widget3DPassThrough.uasset" 1009
"../../../Engine/Content/EngineMaterials/Widget3DPassThrough.uexp" 1010
"../../../Engine/Content/EngineMaterials/Widget3DPassThrough_Translucent.uasset" 1011
"../../../Engine/Content/EngineMaterials/Widget3DPassThrough_Translucent.uexp" 1012
"../../../Engine/Content/EngineMaterials/Widget3DPassThrough_Translucent_OneSided.uasset" 1013
"../../../Engine/Content/EngineMaterials/Widget3DPassThrough_Translucent_OneSided.uexp" 1014
"../../../Engine/Content/EngineMaterials/Widget3DPassThrough_Opaque.uasset" 1015
"../../../Engine/Content/EngineMaterials/Widget3DPassThrough_Opaque.uexp" 1016
"../../../Engine/Content/EngineMaterials/Widget3DPassThrough_Opaque_OneSided.uasset" 1017
"../../../Engine/Content/EngineMaterials/Widget3DPassThrough_Opaque_OneSided.uexp" 1018
"../../../Engine/Content/EngineMaterials/Widget3DPassThrough_Masked_OneSided.uasset" 1019
"../../../Engine/Content/EngineMaterials/Widget3DPassThrough_Masked_OneSided.uexp" 1020
"../../../Engine/Content/EngineMaterials/Widget3DPassThrough_Masked.uasset" 1021
"../../../Engine/Content/EngineMaterials/Widget3DPassThrough_Masked.uexp" 1022
"../../../Engine/Content/EngineMaterials/STBlueNoise_vec2_128x128x64.uasset" 1023
"../../../Engine/Content/EngineMaterials/STBlueNoise_vec2_128x128x64.uexp" 1024
"../../../Engine/Content/EngineMaterials/STBlueNoise_scalar_128x128x64.uasset" 1025
"../../../Engine/Content/EngineMaterials/STBlueNoise_scalar_128x128x64.uexp" 1026
"../../../Engine/Content/EngineMaterials/RemoveSurfaceMaterial.uasset" 1027
"../../../Engine/Content/EngineMaterials/RemoveSurfaceMaterial.uexp" 1028
"../../../Engine/Content/EngineMaterials/DefaultCalibrationGrayscale.uasset" 1029
"../../../Engine/Content/EngineMaterials/DefaultCalibrationGrayscale.uexp" 1030
"../../../Engine/Content/EngineMaterials/PPM_DefaultCalibrationGrayscale.uasset" 1031
"../../../Engine/Content/EngineMaterials/PPM_DefaultCalibrationGrayscale.uexp" 1032
"../../../Engine/Content/EngineMaterials/DefaultCalibrationColor.uasset" 1033
"../../../Engine/Content/EngineMaterials/DefaultCalibrationColor.uexp" 1034
"../../../Engine/Content/EngineMaterials/PPM_DefaultCalibrationColor.uasset" 1035
"../../../Engine/Content/EngineMaterials/PPM_DefaultCalibrationColor.uexp" 1036
"../../../Engine/Content/EngineMaterials/PhAT_JointLimitMaterial.uasset" 1037
"../../../Engine/Content/EngineMaterials/PhAT_JointLimitMaterial.uexp" 1038
"../../../Engine/Content/EngineMaterials/NaniteHiddenSectionMaterial.uasset" 1039
"../../../Engine/Content/EngineMaterials/NaniteHiddenSectionMaterial.uexp" 1040
"../../../Engine/Content/EngineMaterials/InvalidLightmapSettings.ubulk" 1041
"../../../Engine/Content/EngineMaterials/InvalidLightmapSettings.uasset" 1042
"../../../Engine/Content/EngineMaterials/InvalidLightmapSettings.uexp" 1043
"../../../Engine/Content/EngineMaterials/M_InvalidLightmapSettings.uasset" 1044
"../../../Engine/Content/EngineMaterials/M_InvalidLightmapSettings.uexp" 1045
"../../../Engine/Content/EngineMaterials/GizmoMaterial.uasset" 1046
"../../../Engine/Content/EngineMaterials/GizmoMaterial.uexp" 1047
"../../../Engine/Content/EngineMaterials/BaseFlattenEmissiveMap_VT.uasset" 1048
"../../../Engine/Content/EngineMaterials/BaseFlattenEmissiveMap_VT.uexp" 1049
"../../../Engine/Content/EngineMaterials/BaseFlattenGrayscaleMap_VT.uasset" 1050
"../../../Engine/Content/EngineMaterials/BaseFlattenGrayscaleMap_VT.uexp" 1051
"../../../Engine/Content/EngineMaterials/BaseFlattenLinearColor_VT.uasset" 1052
"../../../Engine/Content/EngineMaterials/BaseFlattenLinearColor_VT.uexp" 1053
"../../../Engine/Content/EngineMaterials/Black_1x1_EXR_Texture_VT.uasset" 1054
"../../../Engine/Content/EngineMaterials/Black_1x1_EXR_Texture_VT.uexp" 1055
"../../../Engine/Content/EngineMaterials/BaseFlattenDiffuseMap_VT.uasset" 1056
"../../../Engine/Content/EngineMaterials/BaseFlattenDiffuseMap_VT.uexp" 1057
"../../../Engine/Content/EngineMaterials/BaseFlattenNormalMap_VT.uasset" 1058
"../../../Engine/Content/EngineMaterials/BaseFlattenNormalMap_VT.uexp" 1059
"../../../Engine/Content/EngineMaterials/FlattenMaterial_WS_Normal_VT.uasset" 1060
"../../../Engine/Content/EngineMaterials/FlattenMaterial_WS_Normal_VT.uexp" 1061
"../../../Engine/Content/EngineMaterials/FlattenMaterial_VT.uasset" 1062
"../../../Engine/Content/EngineMaterials/FlattenMaterial_VT.uexp" 1063
"../../../Engine/Content/EngineMaterials/BaseFlattenNormalMap.uasset" 1064
"../../../Engine/Content/EngineMaterials/BaseFlattenNormalMap.uexp" 1065
"../../../Engine/Content/EngineMaterials/BaseFlattenGrayscaleMap.uasset" 1066
"../../../Engine/Content/EngineMaterials/BaseFlattenGrayscaleMap.uexp" 1067
"../../../Engine/Content/EngineMaterials/BaseFlattenDiffuseMap.uasset" 1068
"../../../Engine/Content/EngineMaterials/BaseFlattenDiffuseMap.uexp" 1069
"../../../Engine/Content/Functions/Engine_MaterialFunctions02/PivotPainter2/Black_1x1_EXR_Texture.uasset" 1070
"../../../Engine/Content/Functions/Engine_MaterialFunctions02/PivotPainter2/Black_1x1_EXR_Texture.uexp" 1071
"../../../Engine/Content/EngineMaterials/BaseFlattenEmissiveMap.uasset" 1072
"../../../Engine/Content/EngineMaterials/BaseFlattenEmissiveMap.uexp" 1073
"../../../Engine/Content/EngineMaterials/BaseFlattenLinearColor.uasset" 1074
"../../../Engine/Content/EngineMaterials/BaseFlattenLinearColor.uexp" 1075
"../../../Engine/Content/EngineMaterials/FlattenMaterial.uasset" 1076
"../../../Engine/Content/EngineMaterials/FlattenMaterial.uexp" 1077
"../../../Engine/Content/EngineMaterials/DefaultWhiteGrid_Low.uasset" 1078
"../../../Engine/Content/EngineMaterials/DefaultWhiteGrid_Low.uexp" 1079
"../../../Engine/Content/EngineMaterials/EmissiveMeshMaterial.uasset" 1080
"../../../Engine/Content/EngineMaterials/EmissiveMeshMaterial.uexp" 1081
"../../../Engine/Content/EngineFonts/RobotoDistanceField.uasset" 1082
"../../../Engine/Content/EngineFonts/RobotoDistanceField.uexp" 1083
"../../../Engine/Content/EngineMaterials/DefaultTextMaterialOpaque.uasset" 1084
"../../../Engine/Content/EngineMaterials/DefaultTextMaterialOpaque.uexp" 1085
"../../../Engine/Content/EngineMaterials/DefaultDiffuse.ubulk" 1086
"../../../Engine/Content/EngineMaterials/DefaultDiffuse.uasset" 1087
"../../../Engine/Content/EngineMaterials/DefaultDiffuse.uexp" 1088
"../../../Engine/Content/EngineMaterials/DefaultPostProcessMaterial.uasset" 1089
"../../../Engine/Content/EngineMaterials/DefaultPostProcessMaterial.uexp" 1090
"../../../Engine/Content/EngineMaterials/DefaultPhysicalMaterial.uasset" 1091
"../../../Engine/Content/EngineMaterials/DefaultPhysicalMaterial.uexp" 1092
"../../../Engine/Content/EngineMaterials/DefaultLightFunctionMaterial.uasset" 1093
"../../../Engine/Content/EngineMaterials/DefaultLightFunctionMaterial.uexp" 1094
"../../../Engine/Content/EngineMaterials/DefaultDestructiblePhysicalMaterial.uasset" 1095
"../../../Engine/Content/EngineMaterials/DefaultDestructiblePhysicalMaterial.uexp" 1096
"../../../Engine/Content/EngineMaterials/DefaultDeferredDecalMaterial.uasset" 1097
"../../../Engine/Content/EngineMaterials/DefaultDeferredDecalMaterial.uexp" 1098
"../../../Engine/Content/EngineMaterials/DefaultBloomKernel.uasset" 1099
"../../../Engine/Content/EngineMaterials/DefaultBloomKernel.uexp" 1100
"../../../Engine/Content/EngineFonts/Faces/RobotoLight.uexp" 1101
"../../../Engine/Content/EngineFonts/Faces/RobotoLight.uasset" 1102
"../../../Engine/Content/EngineFonts/Faces/RobotoLight.ufont" 1103
"../../../Engine/Content/EngineFonts/Faces/RobotoBold.uexp" 1104
"../../../Engine/Content/EngineFonts/Faces/RobotoBold.uasset" 1105
"../../../Engine/Content/EngineFonts/Faces/RobotoBold.ufont" 1106
"../../../Engine/Content/EngineFonts/Faces/RobotoRegular.uexp" 1107
"../../../Engine/Content/EngineFonts/Faces/RobotoRegular.uasset" 1108
"../../../Engine/Content/EngineFonts/Faces/RobotoRegular.ufont" 1109
"../../../Engine/Content/EngineFonts/Faces/DroidSansFallback.uexp" 1110
"../../../Engine/Content/EngineFonts/Faces/DroidSansFallback.uasset" 1111
"../../../Engine/Content/EngineFonts/Faces/DroidSansFallback.ufont" 1112
"../../../Engine/Content/EngineFonts/Faces/RobotoItalic.uexp" 1113
"../../../Engine/Content/EngineFonts/Faces/RobotoItalic.uasset" 1114
"../../../Engine/Content/EngineFonts/Faces/RobotoItalic.ufont" 1115
"../../../Engine/Content/EngineFonts/Faces/RobotoBoldItalic.uexp" 1116
"../../../Engine/Content/EngineFonts/Faces/RobotoBoldItalic.uasset" 1117
"../../../Engine/Content/EngineFonts/Faces/RobotoBoldItalic.ufont" 1118
"../../../Engine/Content/EngineFonts/Roboto.uasset" 1119
"../../../Engine/Content/EngineFonts/Roboto.uexp" 1120
"../../../Engine/Content/EngineDebugMaterials/VolumeToRender.uasset" 1121
"../../../Engine/Content/EngineDebugMaterials/VolumeToRender.uexp" 1122
"../../../Engine/Content/EngineDebugMaterials/M_VolumeRenderSphereTracePP.uasset" 1123
"../../../Engine/Content/EngineDebugMaterials/M_VolumeRenderSphereTracePP.uexp" 1124
"../../../Engine/Content/EngineDebugMaterials/M_SimpleUnlitTranslucent.uasset" 1125
"../../../Engine/Content/EngineDebugMaterials/M_SimpleUnlitTranslucent.uexp" 1126
"../../../Engine/Content/EngineDebugMaterials/DebugMeshMaterial.uasset" 1127
"../../../Engine/Content/EngineDebugMaterials/DebugMeshMaterial.uexp" 1128
"../../../Engine/Content/EngineDebugMaterials/DebugEditorMaterial.uasset" 1129
"../../../Engine/Content/EngineDebugMaterials/DebugEditorMaterial.uexp" 1130
"../../../Engine/Content/EngineDamageTypes/DmgTypeBP_Environmental.uasset" 1131
"../../../Engine/Content/EngineDamageTypes/DmgTypeBP_Environmental.uexp" 1132
"../../../Engine/Content/EditorResources/S_Terrain.ubulk" 1133
"../../../Engine/Content/EditorResources/S_Terrain.uasset" 1134
"../../../Engine/Content/EditorResources/S_Terrain.uexp" 1135
"../../../Engine/Content/EditorResources/EmptyActor.uasset" 1136
"../../../Engine/Content/EditorResources/EmptyActor.uexp" 1137
"../../../Engine/Content/EditorResources/BSPVertex.uasset" 1138
"../../../Engine/Content/EditorResources/BSPVertex.uexp" 1139
"../../../Engine/Content/EditorMaterials/PreviewShadowIndicator.ubulk" 1140
"../../../Engine/Content/EditorMaterials/PreviewShadowIndicator.uasset" 1141
"../../../Engine/Content/EditorMaterials/PreviewShadowIndicator.uexp" 1142
"../../../Engine/Content/EditorMaterials/PreviewShadowIndicatorMaterial.uasset" 1143
"../../../Engine/Content/EditorMaterials/PreviewShadowIndicatorMaterial.uexp" 1144
"../../../Engine/Content/EditorMaterials/PhAT_UnselectedMaterial.uasset" 1145
"../../../Engine/Content/EditorMaterials/PhAT_UnselectedMaterial.uexp" 1146
"../../../Engine/Content/EditorMaterials/PhAT_NoCollisionMaterial.uasset" 1147
"../../../Engine/Content/EditorMaterials/PhAT_NoCollisionMaterial.uexp" 1148
"../../../Engine/Content/EditorLandscapeResources/DefaultAlphaTexture.uasset" 1149
"../../../Engine/Content/EditorLandscapeResources/DefaultAlphaTexture.uexp" 1150
"../../../Engine/Content/EditorLandscapeResources/DataLayer.uasset" 1151
"../../../Engine/Content/EditorLandscapeResources/DataLayer.uexp" 1152
"../../../Engine/Content/BasicShapes/Sphere.ubulk" 1153
"../../../Engine/Content/BasicShapes/Sphere.uasset" 1154
"../../../Engine/Content/BasicShapes/Sphere.uexp" 1155
"../../../Engine/Content/BasicShapes/Plane.ubulk" 1156
"../../../Engine/Content/BasicShapes/Plane.uasset" 1157
"../../../Engine/Content/BasicShapes/Plane.uexp" 1158
"../../../Engine/Content/BasicShapes/Cylinder.ubulk" 1159
"../../../Engine/Content/BasicShapes/Cylinder.uasset" 1160
"../../../Engine/Content/BasicShapes/Cylinder.uexp" 1161
"C:/Users/wscke/Documents/GitHub/practicum-3/practicum3/Content/UI/LoadoutSystem/W_TrapBox.uasset" 1162
"C:/Users/wscke/Documents/GitHub/practicum-3/practicum3/Content/UI/LoadoutSystem/W_TrapBox.uexp" 1163
"C:/Users/wscke/Documents/GitHub/practicum-3/practicum3/Content/UI/LoadoutSystem/S_LoadoutData.uasset" 1164
"C:/Users/wscke/Documents/GitHub/practicum-3/practicum3/Content/UI/LoadoutSystem/S_LoadoutData.uexp" 1165
"C:/Users/wscke/Documents/GitHub/practicum-3/practicum3/Content/UI/LoadoutSystem/BPI_Loadouts.uasset" 1166
"C:/Users/wscke/Documents/GitHub/practicum-3/practicum3/Content/UI/LoadoutSystem/BPI_Loadouts.uexp" 1167
"C:/Users/wscke/Documents/GitHub/practicum-3/practicum3/Content/UI/LoadoutSystem/BPC_Loadout.uasset" 1168
"C:/Users/wscke/Documents/GitHub/practicum-3/practicum3/Content/UI/LoadoutSystem/BPC_Loadout.uexp" 1169
"C:/Users/wscke/Documents/GitHub/practicum-3/practicum3/Content/texures/T_GearWall/gear_wall_low_poly_2_M_Gear10_Normal.ubulk" 1170
"C:/Users/wscke/Documents/GitHub/practicum-3/practicum3/Content/texures/T_GearWall/gear_wall_low_poly_2_M_Gear10_Normal.uasset" 1171
"C:/Users/wscke/Documents/GitHub/practicum-3/practicum3/Content/texures/T_GearWall/gear_wall_low_poly_2_M_Gear10_Normal.uexp" 1172
"C:/Users/wscke/Documents/GitHub/practicum-3/practicum3/Content/texures/T_GearWall/gear_wall_low_poly_2_M_Gear10_OcclusionRoughnessMetallic.ubulk" 1173
"C:/Users/wscke/Documents/GitHub/practicum-3/practicum3/Content/texures/T_GearWall/gear_wall_low_poly_2_M_Gear10_OcclusionRoughnessMetallic.uasset" 1174
"C:/Users/wscke/Documents/GitHub/practicum-3/practicum3/Content/texures/T_GearWall/gear_wall_low_poly_2_M_Gear10_OcclusionRoughnessMetallic.uexp" 1175
"C:/Users/wscke/Documents/GitHub/practicum-3/practicum3/Content/texures/T_GearWall/gear_wall_low_poly_2_M_Gear10_Emissive.ubulk" 1176
"C:/Users/wscke/Documents/GitHub/practicum-3/practicum3/Content/texures/T_GearWall/gear_wall_low_poly_2_M_Gear10_Emissive.uasset" 1177
"C:/Users/wscke/Documents/GitHub/practicum-3/practicum3/Content/texures/T_GearWall/gear_wall_low_poly_2_M_Gear10_Emissive.uexp" 1178
"C:/Users/wscke/Documents/GitHub/practicum-3/practicum3/Content/texures/T_GearWall/gear_wall_low_poly_2_M_Gear10_BaseColor.ubulk" 1179
"C:/Users/wscke/Documents/GitHub/practicum-3/practicum3/Content/texures/T_GearWall/gear_wall_low_poly_2_M_Gear10_BaseColor.uasset" 1180
"C:/Users/wscke/Documents/GitHub/practicum-3/practicum3/Content/texures/T_GearWall/gear_wall_low_poly_2_M_Gear10_BaseColor.uexp" 1181
"C:/Users/wscke/Documents/GitHub/practicum-3/practicum3/Content/textureSpheres/traps/M_ArrowWall.uasset" 1182
"C:/Users/wscke/Documents/GitHub/practicum-3/practicum3/Content/textureSpheres/traps/M_ArrowWall.uexp" 1183
"C:/Users/wscke/Documents/GitHub/practicum-3/practicum3/Content/Meshes/traps/gear_wall_low_poly.ubulk" 1184
"C:/Users/wscke/Documents/GitHub/practicum-3/practicum3/Content/Meshes/traps/gear_wall_low_poly.uasset" 1185
"C:/Users/wscke/Documents/GitHub/practicum-3/practicum3/Content/Meshes/traps/gear_wall_low_poly.uexp" 1186
"C:/Users/wscke/Documents/GitHub/practicum-3/practicum3/Content/traps/wall_traps/BP_ArrowWall.uasset" 1187
"C:/Users/wscke/Documents/GitHub/practicum-3/practicum3/Content/traps/wall_traps/BP_ArrowWall.uexp" 1188
"C:/Users/wscke/Documents/GitHub/practicum-3/practicum3/Content/Meshes/Material.uasset" 1189
"C:/Users/wscke/Documents/GitHub/practicum-3/practicum3/Content/Meshes/Material.uexp" 1190
"C:/Users/wscke/Documents/GitHub/practicum-3/practicum3/Content/Meshes/traps/acide_trap.ubulk" 1191
"C:/Users/wscke/Documents/GitHub/practicum-3/practicum3/Content/Meshes/traps/acide_trap.uasset" 1192
"C:/Users/wscke/Documents/GitHub/practicum-3/practicum3/Content/Meshes/traps/acide_trap.uexp" 1193
"C:/Users/wscke/Documents/GitHub/practicum-3/practicum3/Content/traps/wall_traps/BP_Acid.uasset" 1194
"C:/Users/wscke/Documents/GitHub/practicum-3/practicum3/Content/traps/wall_traps/BP_Acid.uexp" 1195
"C:/Users/wscke/Documents/GitHub/practicum-3/practicum3/Content/Meshes/traps/top_crystal_shooter_low_poly.ubulk" 1196
"C:/Users/wscke/Documents/GitHub/practicum-3/practicum3/Content/Meshes/traps/top_crystal_shooter_low_poly.uasset" 1197
"C:/Users/wscke/Documents/GitHub/practicum-3/practicum3/Content/Meshes/traps/top_crystal_shooter_low_poly.uexp" 1198
"C:/Users/wscke/Documents/GitHub/practicum-3/practicum3/Content/Meshes/traps/bottom_crystal_shooter_low_poly.ubulk" 1199
"C:/Users/wscke/Documents/GitHub/practicum-3/practicum3/Content/Meshes/traps/bottom_crystal_shooter_low_poly.uasset" 1200
"C:/Users/wscke/Documents/GitHub/practicum-3/practicum3/Content/Meshes/traps/bottom_crystal_shooter_low_poly.uexp" 1201
"C:/Users/wscke/Documents/GitHub/practicum-3/practicum3/Content/traps/roof_traps/BP_CRystalCAnnon.uasset" 1202
"C:/Users/wscke/Documents/GitHub/practicum-3/practicum3/Content/traps/roof_traps/BP_CRystalCAnnon.uexp" 1203
"C:/Users/wscke/Documents/GitHub/practicum-3/practicum3/Content/texures/T_RoofTrappingArea/roof_trapping_arae_low_DefaultMaterial_Emissive.ubulk" 1204
"C:/Users/wscke/Documents/GitHub/practicum-3/practicum3/Content/texures/T_RoofTrappingArea/roof_trapping_arae_low_DefaultMaterial_Emissive.uasset" 1205
"C:/Users/wscke/Documents/GitHub/practicum-3/practicum3/Content/texures/T_RoofTrappingArea/roof_trapping_arae_low_DefaultMaterial_Emissive.uexp" 1206
"C:/Users/wscke/Documents/GitHub/practicum-3/practicum3/Content/texures/T_RoofTrappingArea/roof_trapping_arae_low_DefaultMaterial_Height.ubulk" 1207
"C:/Users/wscke/Documents/GitHub/practicum-3/practicum3/Content/texures/T_RoofTrappingArea/roof_trapping_arae_low_DefaultMaterial_Height.uasset" 1208
"C:/Users/wscke/Documents/GitHub/practicum-3/practicum3/Content/texures/T_RoofTrappingArea/roof_trapping_arae_low_DefaultMaterial_Height.uexp" 1209
"C:/Users/wscke/Documents/GitHub/practicum-3/practicum3/Content/texures/T_RoofTrappingArea/roof_trapping_arae_low_DefaultMaterial_Normal.ubulk" 1210
"C:/Users/wscke/Documents/GitHub/practicum-3/practicum3/Content/texures/T_RoofTrappingArea/roof_trapping_arae_low_DefaultMaterial_Normal.uasset" 1211
"C:/Users/wscke/Documents/GitHub/practicum-3/practicum3/Content/texures/T_RoofTrappingArea/roof_trapping_arae_low_DefaultMaterial_Normal.uexp" 1212
"C:/Users/wscke/Documents/GitHub/practicum-3/practicum3/Content/texures/T_RoofTrappingArea/roof_trapping_arae_low_DefaultMaterial_Metallic.ubulk" 1213
"C:/Users/wscke/Documents/GitHub/practicum-3/practicum3/Content/texures/T_RoofTrappingArea/roof_trapping_arae_low_DefaultMaterial_Metallic.uasset" 1214
"C:/Users/wscke/Documents/GitHub/practicum-3/practicum3/Content/texures/T_RoofTrappingArea/roof_trapping_arae_low_DefaultMaterial_Metallic.uexp" 1215
"C:/Users/wscke/Documents/GitHub/practicum-3/practicum3/Content/texures/T_RoofTrappingArea/roof_trapping_arae_low_DefaultMaterial_Roughness.ubulk" 1216
"C:/Users/wscke/Documents/GitHub/practicum-3/practicum3/Content/texures/T_RoofTrappingArea/roof_trapping_arae_low_DefaultMaterial_Roughness.uasset" 1217
"C:/Users/wscke/Documents/GitHub/practicum-3/practicum3/Content/texures/T_RoofTrappingArea/roof_trapping_arae_low_DefaultMaterial_Roughness.uexp" 1218
"C:/Users/wscke/Documents/GitHub/practicum-3/practicum3/Content/texures/T_RoofTrappingArea/roof_trapping_arae_low_DefaultMaterial_BaseColor.ubulk" 1219
"C:/Users/wscke/Documents/GitHub/practicum-3/practicum3/Content/texures/T_RoofTrappingArea/roof_trapping_arae_low_DefaultMaterial_BaseColor.uasset" 1220
"C:/Users/wscke/Documents/GitHub/practicum-3/practicum3/Content/texures/T_RoofTrappingArea/roof_trapping_arae_low_DefaultMaterial_BaseColor.uexp" 1221
"C:/Users/wscke/Documents/GitHub/practicum-3/practicum3/Content/textureSpheres/M_TrapingAreaRoof.uasset" 1222
"C:/Users/wscke/Documents/GitHub/practicum-3/practicum3/Content/textureSpheres/M_TrapingAreaRoof.uexp" 1223
"C:/Users/wscke/Documents/GitHub/practicum-3/practicum3/Content/Meshes/trappingAreas-paths/roof_trapping_arae_low.ubulk" 1224
"C:/Users/wscke/Documents/GitHub/practicum-3/practicum3/Content/Meshes/trappingAreas-paths/roof_trapping_arae_low.uasset" 1225
"C:/Users/wscke/Documents/GitHub/practicum-3/practicum3/Content/Meshes/trappingAreas-paths/roof_trapping_arae_low.uexp" 1226
"C:/Users/wscke/Documents/GitHub/practicum-3/practicum3/Content/traps/LandToPlaceTraps/BP_TrapAreaRoof.uasset" 1227
"C:/Users/wscke/Documents/GitHub/practicum-3/practicum3/Content/traps/LandToPlaceTraps/BP_TrapAreaRoof.uexp" 1228
"C:/Users/wscke/Documents/GitHub/practicum-3/practicum3/Content/texures/T_FloorTrappingArea/floor_trapping_area__DefaultMaterial_OcclusionRoughnessMetallic.ubulk" 1229
"C:/Users/wscke/Documents/GitHub/practicum-3/practicum3/Content/texures/T_FloorTrappingArea/floor_trapping_area__DefaultMaterial_OcclusionRoughnessMetallic.uasset" 1230
"C:/Users/wscke/Documents/GitHub/practicum-3/practicum3/Content/texures/T_FloorTrappingArea/floor_trapping_area__DefaultMaterial_OcclusionRoughnessMetallic.uexp" 1231
"C:/Users/wscke/Documents/GitHub/practicum-3/practicum3/Content/texures/T_FloorTrappingArea/floor_trapping_area__DefaultMaterial_BaseColor.ubulk" 1232
"C:/Users/wscke/Documents/GitHub/practicum-3/practicum3/Content/texures/T_FloorTrappingArea/floor_trapping_area__DefaultMaterial_BaseColor.uasset" 1233
"C:/Users/wscke/Documents/GitHub/practicum-3/practicum3/Content/texures/T_FloorTrappingArea/floor_trapping_area__DefaultMaterial_BaseColor.uexp" 1234
"C:/Users/wscke/Documents/GitHub/practicum-3/practicum3/Content/texures/T_FloorTrappingArea/floor_trapping_area__DefaultMaterial_Emissive.ubulk" 1235
"C:/Users/wscke/Documents/GitHub/practicum-3/practicum3/Content/texures/T_FloorTrappingArea/floor_trapping_area__DefaultMaterial_Emissive.uasset" 1236
"C:/Users/wscke/Documents/GitHub/practicum-3/practicum3/Content/texures/T_FloorTrappingArea/floor_trapping_area__DefaultMaterial_Emissive.uexp" 1237
"C:/Users/wscke/Documents/GitHub/practicum-3/practicum3/Content/texures/T_FloorTrappingArea/floor_trapping_area__DefaultMaterial_Normal.ubulk" 1238
"C:/Users/wscke/Documents/GitHub/practicum-3/practicum3/Content/texures/T_FloorTrappingArea/floor_trapping_area__DefaultMaterial_Normal.uasset" 1239
"C:/Users/wscke/Documents/GitHub/practicum-3/practicum3/Content/texures/T_FloorTrappingArea/floor_trapping_area__DefaultMaterial_Normal.uexp" 1240
"C:/Users/wscke/Documents/GitHub/practicum-3/practicum3/Content/textureSpheres/M_TrapingAreaFloor.uasset" 1241
"C:/Users/wscke/Documents/GitHub/practicum-3/practicum3/Content/textureSpheres/M_TrapingAreaFloor.uexp" 1242
"C:/Users/wscke/Documents/GitHub/practicum-3/practicum3/Content/Meshes/trappingAreas-paths/floor_trapping_area_.ubulk" 1243
"C:/Users/wscke/Documents/GitHub/practicum-3/practicum3/Content/Meshes/trappingAreas-paths/floor_trapping_area_.uasset" 1244
"C:/Users/wscke/Documents/GitHub/practicum-3/practicum3/Content/Meshes/trappingAreas-paths/floor_trapping_area_.uexp" 1245
"C:/Users/wscke/Documents/GitHub/practicum-3/practicum3/Content/traps/LandToPlaceTraps/BP_TrapAreaFloor.uasset" 1246
"C:/Users/wscke/Documents/GitHub/practicum-3/practicum3/Content/traps/LandToPlaceTraps/BP_TrapAreaFloor.uexp" 1247
"C:/Users/wscke/Documents/GitHub/practicum-3/practicum3/Content/traps/floor_traps/BP_RoseBush-SmallDamageFiresQuick-Base.uasset" 1248
"C:/Users/wscke/Documents/GitHub/practicum-3/practicum3/Content/traps/floor_traps/BP_RoseBush-SmallDamageFiresQuick-Base.uexp" 1249
"C:/Users/wscke/Documents/GitHub/practicum-3/practicum3/Content/Meshes/traps/crystal_exsploding_low.ubulk" 1250
"C:/Users/wscke/Documents/GitHub/practicum-3/practicum3/Content/Meshes/traps/crystal_exsploding_low.uasset" 1251
"C:/Users/wscke/Documents/GitHub/practicum-3/practicum3/Content/Meshes/traps/crystal_exsploding_low.uexp" 1252
"C:/Users/wscke/Documents/GitHub/practicum-3/practicum3/Content/texures/T_ExplodingCrystal/crystal_exsploding_low_2_Board_BaseColor.ubulk" 1253
"C:/Users/wscke/Documents/GitHub/practicum-3/practicum3/Content/texures/T_ExplodingCrystal/crystal_exsploding_low_2_Board_BaseColor.uasset" 1254
"C:/Users/wscke/Documents/GitHub/practicum-3/practicum3/Content/texures/T_ExplodingCrystal/crystal_exsploding_low_2_Board_BaseColor.uexp" 1255
"C:/Users/wscke/Documents/GitHub/practicum-3/practicum3/Content/texures/T_ExplodingCrystal/crystal_exsploding_low_2_Board_Normal.ubulk" 1256
"C:/Users/wscke/Documents/GitHub/practicum-3/practicum3/Content/texures/T_ExplodingCrystal/crystal_exsploding_low_2_Board_Normal.uasset" 1257
"C:/Users/wscke/Documents/GitHub/practicum-3/practicum3/Content/texures/T_ExplodingCrystal/crystal_exsploding_low_2_Board_Normal.uexp" 1258
"C:/Users/wscke/Documents/GitHub/practicum-3/practicum3/Content/texures/T_ExplodingCrystal/crystal_exsploding_low_2_Board_Emissive.ubulk" 1259
"C:/Users/wscke/Documents/GitHub/practicum-3/practicum3/Content/texures/T_ExplodingCrystal/crystal_exsploding_low_2_Board_Emissive.uasset" 1260
"C:/Users/wscke/Documents/GitHub/practicum-3/practicum3/Content/texures/T_ExplodingCrystal/crystal_exsploding_low_2_Board_Emissive.uexp" 1261
"C:/Users/wscke/Documents/GitHub/practicum-3/practicum3/Content/texures/T_ExplodingCrystal/crystal_exsploding_low_2_Board_OcclusionRoughnessMetallic.ubulk" 1262
"C:/Users/wscke/Documents/GitHub/practicum-3/practicum3/Content/texures/T_ExplodingCrystal/crystal_exsploding_low_2_Board_OcclusionRoughnessMetallic.uasset" 1263
"C:/Users/wscke/Documents/GitHub/practicum-3/practicum3/Content/texures/T_ExplodingCrystal/crystal_exsploding_low_2_Board_OcclusionRoughnessMetallic.uexp" 1264
"C:/Users/wscke/Documents/GitHub/practicum-3/practicum3/Content/textureSpheres/traps/M_GearEXsplodingTRap.uasset" 1265
"C:/Users/wscke/Documents/GitHub/practicum-3/practicum3/Content/textureSpheres/traps/M_GearEXsplodingTRap.uexp" 1266
"C:/Users/wscke/Documents/GitHub/practicum-3/practicum3/Content/traps/floor_traps/BP_CrystalEXsplodingTRap.uasset" 1267
"C:/Users/wscke/Documents/GitHub/practicum-3/practicum3/Content/traps/floor_traps/BP_CrystalEXsplodingTRap.uexp" 1268
"C:/Users/wscke/Documents/GitHub/practicum-3/practicum3/Content/ThirdPerson/Maps/ThirdPersonMap_BuiltData.ubulk" 1269
"C:/Users/wscke/Documents/GitHub/practicum-3/practicum3/Content/ThirdPerson/Maps/ThirdPersonMap_BuiltData.uasset" 1270
"C:/Users/wscke/Documents/GitHub/practicum-3/practicum3/Content/ThirdPerson/Maps/ThirdPersonMap_BuiltData.uexp" 1271
"C:/Users/wscke/Documents/GitHub/practicum-3/practicum3/Content/texures/T_TreeDecor/tree_decor_2_TreeBush_OcclusionRoughnessMetallic.ubulk" 1272
"C:/Users/wscke/Documents/GitHub/practicum-3/practicum3/Content/texures/T_TreeDecor/tree_decor_2_TreeBush_OcclusionRoughnessMetallic.uasset" 1273
"C:/Users/wscke/Documents/GitHub/practicum-3/practicum3/Content/texures/T_TreeDecor/tree_decor_2_TreeBush_OcclusionRoughnessMetallic.uexp" 1274
"C:/Users/wscke/Documents/GitHub/practicum-3/practicum3/Content/texures/T_TreeDecor/tree_decor_2_TreeBush_Normal.ubulk" 1275
"C:/Users/wscke/Documents/GitHub/practicum-3/practicum3/Content/texures/T_TreeDecor/tree_decor_2_TreeBush_Normal.uasset" 1276
"C:/Users/wscke/Documents/GitHub/practicum-3/practicum3/Content/texures/T_TreeDecor/tree_decor_2_TreeBush_Normal.uexp" 1277
"C:/Users/wscke/Documents/GitHub/practicum-3/practicum3/Content/texures/T_TreeDecor/tree_decor_2_TreeBush_Emissive.ubulk" 1278
"C:/Users/wscke/Documents/GitHub/practicum-3/practicum3/Content/texures/T_TreeDecor/tree_decor_2_TreeBush_Emissive.uasset" 1279
"C:/Users/wscke/Documents/GitHub/practicum-3/practicum3/Content/texures/T_TreeDecor/tree_decor_2_TreeBush_Emissive.uexp" 1280
"C:/Users/wscke/Documents/GitHub/practicum-3/practicum3/Content/texures/T_TreeDecor/tree_decor_2_TreeBush_BaseColor.ubulk" 1281
"C:/Users/wscke/Documents/GitHub/practicum-3/practicum3/Content/texures/T_TreeDecor/tree_decor_2_TreeBush_BaseColor.uasset" 1282
"C:/Users/wscke/Documents/GitHub/practicum-3/practicum3/Content/texures/T_TreeDecor/tree_decor_2_TreeBush_BaseColor.uexp" 1283
"C:/Users/wscke/Documents/GitHub/practicum-3/practicum3/Content/texures/T_TreeDecor/tree_decor_2_Pot_OcclusionRoughnessMetallic.ubulk" 1284
"C:/Users/wscke/Documents/GitHub/practicum-3/practicum3/Content/texures/T_TreeDecor/tree_decor_2_Pot_OcclusionRoughnessMetallic.uasset" 1285
"C:/Users/wscke/Documents/GitHub/practicum-3/practicum3/Content/texures/T_TreeDecor/tree_decor_2_Pot_OcclusionRoughnessMetallic.uexp" 1286
"C:/Users/wscke/Documents/GitHub/practicum-3/practicum3/Content/texures/T_TreeDecor/tree_decor_2_Pot_Normal.ubulk" 1287
"C:/Users/wscke/Documents/GitHub/practicum-3/practicum3/Content/texures/T_TreeDecor/tree_decor_2_Pot_Normal.uasset" 1288
"C:/Users/wscke/Documents/GitHub/practicum-3/practicum3/Content/texures/T_TreeDecor/tree_decor_2_Pot_Normal.uexp" 1289
"C:/Users/wscke/Documents/GitHub/practicum-3/practicum3/Content/texures/T_TreeDecor/tree_decor_2_Pot_Emissive.ubulk" 1290
"C:/Users/wscke/Documents/GitHub/practicum-3/practicum3/Content/texures/T_TreeDecor/tree_decor_2_Pot_Emissive.uasset" 1291
"C:/Users/wscke/Documents/GitHub/practicum-3/practicum3/Content/texures/T_TreeDecor/tree_decor_2_Pot_Emissive.uexp" 1292
"C:/Users/wscke/Documents/GitHub/practicum-3/practicum3/Content/texures/T_TreeDecor/tree_decor_2_Pot_BaseColor.ubulk" 1293
"C:/Users/wscke/Documents/GitHub/practicum-3/practicum3/Content/texures/T_TreeDecor/tree_decor_2_Pot_BaseColor.uasset" 1294
"C:/Users/wscke/Documents/GitHub/practicum-3/practicum3/Content/texures/T_TreeDecor/tree_decor_2_Pot_BaseColor.uexp" 1295
"C:/Users/wscke/Documents/GitHub/practicum-3/practicum3/Content/texures/T_TarTrap/tar_trap_Material_OcclusionRoughnessMetallic.ubulk" 1296
"C:/Users/wscke/Documents/GitHub/practicum-3/practicum3/Content/texures/T_TarTrap/tar_trap_Material_OcclusionRoughnessMetallic.uasset" 1297
"C:/Users/wscke/Documents/GitHub/practicum-3/practicum3/Content/texures/T_TarTrap/tar_trap_Material_OcclusionRoughnessMetallic.uexp" 1298
"C:/Users/wscke/Documents/GitHub/practicum-3/practicum3/Content/texures/T_TarTrap/tar_trap_Material_Normal.ubulk" 1299
"C:/Users/wscke/Documents/GitHub/practicum-3/practicum3/Content/texures/T_TarTrap/tar_trap_Material_Normal.uasset" 1300
"C:/Users/wscke/Documents/GitHub/practicum-3/practicum3/Content/texures/T_TarTrap/tar_trap_Material_Normal.uexp" 1301
"C:/Users/wscke/Documents/GitHub/practicum-3/practicum3/Content/texures/T_TarTrap/tar_trap_Material_Emissive.ubulk" 1302
"C:/Users/wscke/Documents/GitHub/practicum-3/practicum3/Content/texures/T_TarTrap/tar_trap_Material_Emissive.uasset" 1303
"C:/Users/wscke/Documents/GitHub/practicum-3/practicum3/Content/texures/T_TarTrap/tar_trap_Material_Emissive.uexp" 1304
"C:/Users/wscke/Documents/GitHub/practicum-3/practicum3/Content/texures/T_TarTrap/tar_trap_Material_BaseColor.ubulk" 1305
"C:/Users/wscke/Documents/GitHub/practicum-3/practicum3/Content/texures/T_TarTrap/tar_trap_Material_BaseColor.uasset" 1306
"C:/Users/wscke/Documents/GitHub/practicum-3/practicum3/Content/texures/T_TarTrap/tar_trap_Material_BaseColor.uexp" 1307
"C:/Users/wscke/Documents/GitHub/practicum-3/practicum3/Content/texures/T_NotOnPath2/not_on_path_2_low_DefaultMaterial_OcclusionRoughnessMetallic.ubulk" 1308
"C:/Users/wscke/Documents/GitHub/practicum-3/practicum3/Content/texures/T_NotOnPath2/not_on_path_2_low_DefaultMaterial_OcclusionRoughnessMetallic.uasset" 1309
"C:/Users/wscke/Documents/GitHub/practicum-3/practicum3/Content/texures/T_NotOnPath2/not_on_path_2_low_DefaultMaterial_OcclusionRoughnessMetallic.uexp" 1310
"C:/Users/wscke/Documents/GitHub/practicum-3/practicum3/Content/texures/T_NotOnPath2/not_on_path_2_low_DefaultMaterial_Normal.ubulk" 1311
"C:/Users/wscke/Documents/GitHub/practicum-3/practicum3/Content/texures/T_NotOnPath2/not_on_path_2_low_DefaultMaterial_Normal.uasset" 1312
"C:/Users/wscke/Documents/GitHub/practicum-3/practicum3/Content/texures/T_NotOnPath2/not_on_path_2_low_DefaultMaterial_Normal.uexp" 1313
"C:/Users/wscke/Documents/GitHub/practicum-3/practicum3/Content/texures/T_NotOnPath2/not_on_path_2_low_DefaultMaterial_Emissive.ubulk" 1314
"C:/Users/wscke/Documents/GitHub/practicum-3/practicum3/Content/texures/T_NotOnPath2/not_on_path_2_low_DefaultMaterial_Emissive.uasset" 1315
"C:/Users/wscke/Documents/GitHub/practicum-3/practicum3/Content/texures/T_NotOnPath2/not_on_path_2_low_DefaultMaterial_Emissive.uexp" 1316
"C:/Users/wscke/Documents/GitHub/practicum-3/practicum3/Content/texures/T_NotOnPath2/not_on_path_2_low_DefaultMaterial_BaseColor.ubulk" 1317
"C:/Users/wscke/Documents/GitHub/practicum-3/practicum3/Content/texures/T_NotOnPath2/not_on_path_2_low_DefaultMaterial_BaseColor.uasset" 1318
"C:/Users/wscke/Documents/GitHub/practicum-3/practicum3/Content/texures/T_NotOnPath2/not_on_path_2_low_DefaultMaterial_BaseColor.uexp" 1319
"C:/Users/wscke/Documents/GitHub/practicum-3/practicum3/Content/texures/T_GearWall/gear_wall_low_poly_2_M_Wall_OcclusionRoughnessMetallic.ubulk" 1320
"C:/Users/wscke/Documents/GitHub/practicum-3/practicum3/Content/texures/T_GearWall/gear_wall_low_poly_2_M_Wall_OcclusionRoughnessMetallic.uasset" 1321
"C:/Users/wscke/Documents/GitHub/practicum-3/practicum3/Content/texures/T_GearWall/gear_wall_low_poly_2_M_Wall_OcclusionRoughnessMetallic.uexp" 1322
"C:/Users/wscke/Documents/GitHub/practicum-3/practicum3/Content/texures/T_GearWall/gear_wall_low_poly_2_M_Wall_Normal.ubulk" 1323
"C:/Users/wscke/Documents/GitHub/practicum-3/practicum3/Content/texures/T_GearWall/gear_wall_low_poly_2_M_Wall_Normal.uasset" 1324
"C:/Users/wscke/Documents/GitHub/practicum-3/practicum3/Content/texures/T_GearWall/gear_wall_low_poly_2_M_Wall_Normal.uexp" 1325
"C:/Users/wscke/Documents/GitHub/practicum-3/practicum3/Content/texures/T_GearWall/gear_wall_low_poly_2_M_Wall_Emissive.ubulk" 1326
"C:/Users/wscke/Documents/GitHub/practicum-3/practicum3/Content/texures/T_GearWall/gear_wall_low_poly_2_M_Wall_Emissive.uasset" 1327
"C:/Users/wscke/Documents/GitHub/practicum-3/practicum3/Content/texures/T_GearWall/gear_wall_low_poly_2_M_Wall_Emissive.uexp" 1328
"C:/Users/wscke/Documents/GitHub/practicum-3/practicum3/Content/texures/T_GearWall/gear_wall_low_poly_2_M_Wall_BaseColor.ubulk" 1329
"C:/Users/wscke/Documents/GitHub/practicum-3/practicum3/Content/texures/T_GearWall/gear_wall_low_poly_2_M_Wall_BaseColor.uasset" 1330
"C:/Users/wscke/Documents/GitHub/practicum-3/practicum3/Content/texures/T_GearWall/gear_wall_low_poly_2_M_Wall_BaseColor.uexp" 1331
"C:/Users/wscke/Documents/GitHub/practicum-3/practicum3/Content/texures/T_GearWall/gear_wall_low_poly_2_M_Wall2_OcclusionRoughnessMetallic.ubulk" 1332
"C:/Users/wscke/Documents/GitHub/practicum-3/practicum3/Content/texures/T_GearWall/gear_wall_low_poly_2_M_Wall2_OcclusionRoughnessMetallic.uasset" 1333
"C:/Users/wscke/Documents/GitHub/practicum-3/practicum3/Content/texures/T_GearWall/gear_wall_low_poly_2_M_Wall2_OcclusionRoughnessMetallic.uexp" 1334
"C:/Users/wscke/Documents/GitHub/practicum-3/practicum3/Content/texures/T_GearWall/gear_wall_low_poly_2_M_Wall2_Normal.ubulk" 1335
"C:/Users/wscke/Documents/GitHub/practicum-3/practicum3/Content/texures/T_GearWall/gear_wall_low_poly_2_M_Wall2_Normal.uasset" 1336
"C:/Users/wscke/Documents/GitHub/practicum-3/practicum3/Content/texures/T_GearWall/gear_wall_low_poly_2_M_Wall2_Normal.uexp" 1337
"C:/Users/wscke/Documents/GitHub/practicum-3/practicum3/Content/texures/T_GearWall/gear_wall_low_poly_2_M_Wall2_Emissive.ubulk" 1338
"C:/Users/wscke/Documents/GitHub/practicum-3/practicum3/Content/texures/T_GearWall/gear_wall_low_poly_2_M_Wall2_Emissive.uasset" 1339
"C:/Users/wscke/Documents/GitHub/practicum-3/practicum3/Content/texures/T_GearWall/gear_wall_low_poly_2_M_Wall2_Emissive.uexp" 1340
"C:/Users/wscke/Documents/GitHub/practicum-3/practicum3/Content/texures/T_GearWall/gear_wall_low_poly_2_M_Wall2_BaseColor.ubulk" 1341
"C:/Users/wscke/Documents/GitHub/practicum-3/practicum3/Content/texures/T_GearWall/gear_wall_low_poly_2_M_Wall2_BaseColor.uasset" 1342
"C:/Users/wscke/Documents/GitHub/practicum-3/practicum3/Content/texures/T_GearWall/gear_wall_low_poly_2_M_Wall2_BaseColor.uexp" 1343
"C:/Users/wscke/Documents/GitHub/practicum-3/practicum3/Content/texures/T_GearWall/gear_wall_low_poly_2_M_Gear9_OcclusionRoughnessMetallic.ubulk" 1344
"C:/Users/wscke/Documents/GitHub/practicum-3/practicum3/Content/texures/T_GearWall/gear_wall_low_poly_2_M_Gear9_OcclusionRoughnessMetallic.uasset" 1345
"C:/Users/wscke/Documents/GitHub/practicum-3/practicum3/Content/texures/T_GearWall/gear_wall_low_poly_2_M_Gear9_OcclusionRoughnessMetallic.uexp" 1346
"C:/Users/wscke/Documents/GitHub/practicum-3/practicum3/Content/texures/T_GearWall/gear_wall_low_poly_2_M_Gear9_Normal.ubulk" 1347
"C:/Users/wscke/Documents/GitHub/practicum-3/practicum3/Content/texures/T_GearWall/gear_wall_low_poly_2_M_Gear9_Normal.uasset" 1348
"C:/Users/wscke/Documents/GitHub/practicum-3/practicum3/Content/texures/T_GearWall/gear_wall_low_poly_2_M_Gear9_Normal.uexp" 1349
"C:/Users/wscke/Documents/GitHub/practicum-3/practicum3/Content/texures/T_GearWall/gear_wall_low_poly_2_M_Gear9_Emissive.ubulk" 1350
"C:/Users/wscke/Documents/GitHub/practicum-3/practicum3/Content/texures/T_GearWall/gear_wall_low_poly_2_M_Gear9_Emissive.uasset" 1351
"C:/Users/wscke/Documents/GitHub/practicum-3/practicum3/Content/texures/T_GearWall/gear_wall_low_poly_2_M_Gear9_Emissive.uexp" 1352
"C:/Users/wscke/Documents/GitHub/practicum-3/practicum3/Content/texures/T_GearWall/gear_wall_low_poly_2_M_Gear9_BaseColor.ubulk" 1353
"C:/Users/wscke/Documents/GitHub/practicum-3/practicum3/Content/texures/T_GearWall/gear_wall_low_poly_2_M_Gear9_BaseColor.uasset" 1354
"C:/Users/wscke/Documents/GitHub/practicum-3/practicum3/Content/texures/T_GearWall/gear_wall_low_poly_2_M_Gear9_BaseColor.uexp" 1355
"C:/Users/wscke/Documents/GitHub/practicum-3/practicum3/Content/texures/T_GearWall/gear_wall_low_poly_2_M_Gear8_OcclusionRoughnessMetallic.ubulk" 1356
"C:/Users/wscke/Documents/GitHub/practicum-3/practicum3/Content/texures/T_GearWall/gear_wall_low_poly_2_M_Gear8_OcclusionRoughnessMetallic.uasset" 1357
"C:/Users/wscke/Documents/GitHub/practicum-3/practicum3/Content/texures/T_GearWall/gear_wall_low_poly_2_M_Gear8_OcclusionRoughnessMetallic.uexp" 1358
"C:/Users/wscke/Documents/GitHub/practicum-3/practicum3/Content/texures/T_GearWall/gear_wall_low_poly_2_M_Gear8_Normal.ubulk" 1359
"C:/Users/wscke/Documents/GitHub/practicum-3/practicum3/Content/texures/T_GearWall/gear_wall_low_poly_2_M_Gear8_Normal.uasset" 1360
"C:/Users/wscke/Documents/GitHub/practicum-3/practicum3/Content/texures/T_GearWall/gear_wall_low_poly_2_M_Gear8_Normal.uexp" 1361
"C:/Users/wscke/Documents/GitHub/practicum-3/practicum3/Content/texures/T_GearWall/gear_wall_low_poly_2_M_Gear8_Emissive.ubulk" 1362
"C:/Users/wscke/Documents/GitHub/practicum-3/practicum3/Content/texures/T_GearWall/gear_wall_low_poly_2_M_Gear8_Emissive.uasset" 1363
"C:/Users/wscke/Documents/GitHub/practicum-3/practicum3/Content/texures/T_GearWall/gear_wall_low_poly_2_M_Gear8_Emissive.uexp" 1364
"C:/Users/wscke/Documents/GitHub/practicum-3/practicum3/Content/texures/T_GearWall/gear_wall_low_poly_2_M_Gear8_BaseColor.ubulk" 1365
"C:/Users/wscke/Documents/GitHub/practicum-3/practicum3/Content/texures/T_GearWall/gear_wall_low_poly_2_M_Gear8_BaseColor.uasset" 1366
"C:/Users/wscke/Documents/GitHub/practicum-3/practicum3/Content/texures/T_GearWall/gear_wall_low_poly_2_M_Gear8_BaseColor.uexp" 1367
"C:/Users/wscke/Documents/GitHub/practicum-3/practicum3/Content/texures/T_GearWall/gear_wall_low_poly_2_M_Gear7_OcclusionRoughnessMetallic.ubulk" 1368
"C:/Users/wscke/Documents/GitHub/practicum-3/practicum3/Content/texures/T_GearWall/gear_wall_low_poly_2_M_Gear7_OcclusionRoughnessMetallic.uasset" 1369
"C:/Users/wscke/Documents/GitHub/practicum-3/practicum3/Content/texures/T_GearWall/gear_wall_low_poly_2_M_Gear7_OcclusionRoughnessMetallic.uexp" 1370
"C:/Users/wscke/Documents/GitHub/practicum-3/practicum3/Content/texures/T_GearWall/gear_wall_low_poly_2_M_Gear7_Normal.ubulk" 1371
"C:/Users/wscke/Documents/GitHub/practicum-3/practicum3/Content/texures/T_GearWall/gear_wall_low_poly_2_M_Gear7_Normal.uasset" 1372
"C:/Users/wscke/Documents/GitHub/practicum-3/practicum3/Content/texures/T_GearWall/gear_wall_low_poly_2_M_Gear7_Normal.uexp" 1373
"C:/Users/wscke/Documents/GitHub/practicum-3/practicum3/Content/texures/T_GearWall/gear_wall_low_poly_2_M_Gear7_Emissive.ubulk" 1374
"C:/Users/wscke/Documents/GitHub/practicum-3/practicum3/Content/texures/T_GearWall/gear_wall_low_poly_2_M_Gear7_Emissive.uasset" 1375
"C:/Users/wscke/Documents/GitHub/practicum-3/practicum3/Content/texures/T_GearWall/gear_wall_low_poly_2_M_Gear7_Emissive.uexp" 1376
"C:/Users/wscke/Documents/GitHub/practicum-3/practicum3/Content/texures/T_GearWall/gear_wall_low_poly_2_M_Gear7_BaseColor.ubulk" 1377
"C:/Users/wscke/Documents/GitHub/practicum-3/practicum3/Content/texures/T_GearWall/gear_wall_low_poly_2_M_Gear7_BaseColor.uasset" 1378
"C:/Users/wscke/Documents/GitHub/practicum-3/practicum3/Content/texures/T_GearWall/gear_wall_low_poly_2_M_Gear7_BaseColor.uexp" 1379
"C:/Users/wscke/Documents/GitHub/practicum-3/practicum3/Content/texures/T_GearWall/gear_wall_low_poly_2_M_Gear6_OcclusionRoughnessMetallic.ubulk" 1380
"C:/Users/wscke/Documents/GitHub/practicum-3/practicum3/Content/texures/T_GearWall/gear_wall_low_poly_2_M_Gear6_OcclusionRoughnessMetallic.uasset" 1381
"C:/Users/wscke/Documents/GitHub/practicum-3/practicum3/Content/texures/T_GearWall/gear_wall_low_poly_2_M_Gear6_OcclusionRoughnessMetallic.uexp" 1382
"C:/Users/wscke/Documents/GitHub/practicum-3/practicum3/Content/texures/T_GearWall/gear_wall_low_poly_2_M_Gear6_Normal.ubulk" 1383
"C:/Users/wscke/Documents/GitHub/practicum-3/practicum3/Content/texures/T_GearWall/gear_wall_low_poly_2_M_Gear6_Normal.uasset" 1384
"C:/Users/wscke/Documents/GitHub/practicum-3/practicum3/Content/texures/T_GearWall/gear_wall_low_poly_2_M_Gear6_Normal.uexp" 1385
"C:/Users/wscke/Documents/GitHub/practicum-3/practicum3/Content/texures/T_GearWall/gear_wall_low_poly_2_M_Gear6_Emissive.ubulk" 1386
"C:/Users/wscke/Documents/GitHub/practicum-3/practicum3/Content/texures/T_GearWall/gear_wall_low_poly_2_M_Gear6_Emissive.uasset" 1387
"C:/Users/wscke/Documents/GitHub/practicum-3/practicum3/Content/texures/T_GearWall/gear_wall_low_poly_2_M_Gear6_Emissive.uexp" 1388
"C:/Users/wscke/Documents/GitHub/practicum-3/practicum3/Content/texures/T_GearWall/gear_wall_low_poly_2_M_Gear6_BaseColor.ubulk" 1389
"C:/Users/wscke/Documents/GitHub/practicum-3/practicum3/Content/texures/T_GearWall/gear_wall_low_poly_2_M_Gear6_BaseColor.uasset" 1390
"C:/Users/wscke/Documents/GitHub/practicum-3/practicum3/Content/texures/T_GearWall/gear_wall_low_poly_2_M_Gear6_BaseColor.uexp" 1391
"C:/Users/wscke/Documents/GitHub/practicum-3/practicum3/Content/texures/T_GearWall/gear_wall_low_poly_2_M_gear5_OcclusionRoughnessMetallic.ubulk" 1392
"C:/Users/wscke/Documents/GitHub/practicum-3/practicum3/Content/texures/T_GearWall/gear_wall_low_poly_2_M_gear5_OcclusionRoughnessMetallic.uasset" 1393
"C:/Users/wscke/Documents/GitHub/practicum-3/practicum3/Content/texures/T_GearWall/gear_wall_low_poly_2_M_gear5_OcclusionRoughnessMetallic.uexp" 1394
"C:/Users/wscke/Documents/GitHub/practicum-3/practicum3/Content/texures/T_GearWall/gear_wall_low_poly_2_M_gear5_Normal.ubulk" 1395
"C:/Users/wscke/Documents/GitHub/practicum-3/practicum3/Content/texures/T_GearWall/gear_wall_low_poly_2_M_gear5_Normal.uasset" 1396
"C:/Users/wscke/Documents/GitHub/practicum-3/practicum3/Content/texures/T_GearWall/gear_wall_low_poly_2_M_gear5_Normal.uexp" 1397
"C:/Users/wscke/Documents/GitHub/practicum-3/practicum3/Content/texures/T_GearWall/gear_wall_low_poly_2_M_gear5_Emissive.ubulk" 1398
"C:/Users/wscke/Documents/GitHub/practicum-3/practicum3/Content/texures/T_GearWall/gear_wall_low_poly_2_M_gear5_Emissive.uasset" 1399
"C:/Users/wscke/Documents/GitHub/practicum-3/practicum3/Content/texures/T_GearWall/gear_wall_low_poly_2_M_gear5_Emissive.uexp" 1400
"C:/Users/wscke/Documents/GitHub/practicum-3/practicum3/Content/texures/T_GearWall/gear_wall_low_poly_2_M_gear5_BaseColor.ubulk" 1401
"C:/Users/wscke/Documents/GitHub/practicum-3/practicum3/Content/texures/T_GearWall/gear_wall_low_poly_2_M_gear5_BaseColor.uasset" 1402
"C:/Users/wscke/Documents/GitHub/practicum-3/practicum3/Content/texures/T_GearWall/gear_wall_low_poly_2_M_gear5_BaseColor.uexp" 1403
"C:/Users/wscke/Documents/GitHub/practicum-3/practicum3/Content/texures/T_GearWall/gear_wall_low_poly_2_M_Gear4_OcclusionRoughnessMetallic.ubulk" 1404
"C:/Users/wscke/Documents/GitHub/practicum-3/practicum3/Content/texures/T_GearWall/gear_wall_low_poly_2_M_Gear4_OcclusionRoughnessMetallic.uasset" 1405
"C:/Users/wscke/Documents/GitHub/practicum-3/practicum3/Content/texures/T_GearWall/gear_wall_low_poly_2_M_Gear4_OcclusionRoughnessMetallic.uexp" 1406
"C:/Users/wscke/Documents/GitHub/practicum-3/practicum3/Content/texures/T_GearWall/gear_wall_low_poly_2_M_Gear4_Normal.ubulk" 1407
"C:/Users/wscke/Documents/GitHub/practicum-3/practicum3/Content/texures/T_GearWall/gear_wall_low_poly_2_M_Gear4_Normal.uasset" 1408
"C:/Users/wscke/Documents/GitHub/practicum-3/practicum3/Content/texures/T_GearWall/gear_wall_low_poly_2_M_Gear4_Normal.uexp" 1409
"C:/Users/wscke/Documents/GitHub/practicum-3/practicum3/Content/texures/T_GearWall/gear_wall_low_poly_2_M_Gear4_Emissive.ubulk" 1410
"C:/Users/wscke/Documents/GitHub/practicum-3/practicum3/Content/texures/T_GearWall/gear_wall_low_poly_2_M_Gear4_Emissive.uasset" 1411
"C:/Users/wscke/Documents/GitHub/practicum-3/practicum3/Content/texures/T_GearWall/gear_wall_low_poly_2_M_Gear4_Emissive.uexp" 1412
"C:/Users/wscke/Documents/GitHub/practicum-3/practicum3/Content/texures/T_GearWall/gear_wall_low_poly_2_M_Gear4_BaseColor.ubulk" 1413
"C:/Users/wscke/Documents/GitHub/practicum-3/practicum3/Content/texures/T_GearWall/gear_wall_low_poly_2_M_Gear4_BaseColor.uasset" 1414
"C:/Users/wscke/Documents/GitHub/practicum-3/practicum3/Content/texures/T_GearWall/gear_wall_low_poly_2_M_Gear4_BaseColor.uexp" 1415
"C:/Users/wscke/Documents/GitHub/practicum-3/practicum3/Content/texures/T_GearWall/gear_wall_low_poly_2_M_Gear3_OcclusionRoughnessMetallic.ubulk" 1416
"C:/Users/wscke/Documents/GitHub/practicum-3/practicum3/Content/texures/T_GearWall/gear_wall_low_poly_2_M_Gear3_OcclusionRoughnessMetallic.uasset" 1417
"C:/Users/wscke/Documents/GitHub/practicum-3/practicum3/Content/texures/T_GearWall/gear_wall_low_poly_2_M_Gear3_OcclusionRoughnessMetallic.uexp" 1418
"C:/Users/wscke/Documents/GitHub/practicum-3/practicum3/Content/texures/T_GearWall/gear_wall_low_poly_2_M_Gear3_Normal.ubulk" 1419
"C:/Users/wscke/Documents/GitHub/practicum-3/practicum3/Content/texures/T_GearWall/gear_wall_low_poly_2_M_Gear3_Normal.uasset" 1420
"C:/Users/wscke/Documents/GitHub/practicum-3/practicum3/Content/texures/T_GearWall/gear_wall_low_poly_2_M_Gear3_Normal.uexp" 1421
"C:/Users/wscke/Documents/GitHub/practicum-3/practicum3/Content/texures/T_GearWall/gear_wall_low_poly_2_M_Gear3_Emissive.ubulk" 1422
"C:/Users/wscke/Documents/GitHub/practicum-3/practicum3/Content/texures/T_GearWall/gear_wall_low_poly_2_M_Gear3_Emissive.uasset" 1423
"C:/Users/wscke/Documents/GitHub/practicum-3/practicum3/Content/texures/T_GearWall/gear_wall_low_poly_2_M_Gear3_Emissive.uexp" 1424
"C:/Users/wscke/Documents/GitHub/practicum-3/practicum3/Content/texures/T_GearWall/gear_wall_low_poly_2_M_Gear3_BaseColor.ubulk" 1425
"C:/Users/wscke/Documents/GitHub/practicum-3/practicum3/Content/texures/T_GearWall/gear_wall_low_poly_2_M_Gear3_BaseColor.uasset" 1426
"C:/Users/wscke/Documents/GitHub/practicum-3/practicum3/Content/texures/T_GearWall/gear_wall_low_poly_2_M_Gear3_BaseColor.uexp" 1427
"C:/Users/wscke/Documents/GitHub/practicum-3/practicum3/Content/texures/T_GearWall/gear_wall_low_poly_2_M_Gear2_OcclusionRoughnessMetallic.ubulk" 1428
"C:/Users/wscke/Documents/GitHub/practicum-3/practicum3/Content/texures/T_GearWall/gear_wall_low_poly_2_M_Gear2_OcclusionRoughnessMetallic.uasset" 1429
"C:/Users/wscke/Documents/GitHub/practicum-3/practicum3/Content/texures/T_GearWall/gear_wall_low_poly_2_M_Gear2_OcclusionRoughnessMetallic.uexp" 1430
"C:/Users/wscke/Documents/GitHub/practicum-3/practicum3/Content/texures/T_GearWall/gear_wall_low_poly_2_M_Gear2_Normal.ubulk" 1431
"C:/Users/wscke/Documents/GitHub/practicum-3/practicum3/Content/texures/T_GearWall/gear_wall_low_poly_2_M_Gear2_Normal.uasset" 1432
"C:/Users/wscke/Documents/GitHub/practicum-3/practicum3/Content/texures/T_GearWall/gear_wall_low_poly_2_M_Gear2_Normal.uexp" 1433
"C:/Users/wscke/Documents/GitHub/practicum-3/practicum3/Content/texures/T_GearWall/gear_wall_low_poly_2_M_Gear2_Emissive.ubulk" 1434
"C:/Users/wscke/Documents/GitHub/practicum-3/practicum3/Content/texures/T_GearWall/gear_wall_low_poly_2_M_Gear2_Emissive.uasset" 1435
"C:/Users/wscke/Documents/GitHub/practicum-3/practicum3/Content/texures/T_GearWall/gear_wall_low_poly_2_M_Gear2_Emissive.uexp" 1436
"C:/Users/wscke/Documents/GitHub/practicum-3/practicum3/Content/texures/T_GearWall/gear_wall_low_poly_2_M_Gear2_BaseColor.ubulk" 1437
"C:/Users/wscke/Documents/GitHub/practicum-3/practicum3/Content/texures/T_GearWall/gear_wall_low_poly_2_M_Gear2_BaseColor.uasset" 1438
"C:/Users/wscke/Documents/GitHub/practicum-3/practicum3/Content/texures/T_GearWall/gear_wall_low_poly_2_M_Gear2_BaseColor.uexp" 1439
"C:/Users/wscke/Documents/GitHub/practicum-3/practicum3/Content/texures/T_GearWall/gear_wall_low_poly_2_M_Gear1_OcclusionRoughnessMetallic.ubulk" 1440
"C:/Users/wscke/Documents/GitHub/practicum-3/practicum3/Content/texures/T_GearWall/gear_wall_low_poly_2_M_Gear1_OcclusionRoughnessMetallic.uasset" 1441
"C:/Users/wscke/Documents/GitHub/practicum-3/practicum3/Content/texures/T_GearWall/gear_wall_low_poly_2_M_Gear1_OcclusionRoughnessMetallic.uexp" 1442
"C:/Users/wscke/Documents/GitHub/practicum-3/practicum3/Content/texures/T_GearWall/gear_wall_low_poly_2_M_Gear1_Normal.ubulk" 1443
"C:/Users/wscke/Documents/GitHub/practicum-3/practicum3/Content/texures/T_GearWall/gear_wall_low_poly_2_M_Gear1_Normal.uasset" 1444
"C:/Users/wscke/Documents/GitHub/practicum-3/practicum3/Content/texures/T_GearWall/gear_wall_low_poly_2_M_Gear1_Normal.uexp" 1445
"C:/Users/wscke/Documents/GitHub/practicum-3/practicum3/Content/texures/T_GearWall/gear_wall_low_poly_2_M_Gear1_Emissive.ubulk" 1446
"C:/Users/wscke/Documents/GitHub/practicum-3/practicum3/Content/texures/T_GearWall/gear_wall_low_poly_2_M_Gear1_Emissive.uasset" 1447
"C:/Users/wscke/Documents/GitHub/practicum-3/practicum3/Content/texures/T_GearWall/gear_wall_low_poly_2_M_Gear1_Emissive.uexp" 1448
"C:/Users/wscke/Documents/GitHub/practicum-3/practicum3/Content/texures/T_GearWall/gear_wall_low_poly_2_M_Gear1_BaseColor.ubulk" 1449
"C:/Users/wscke/Documents/GitHub/practicum-3/practicum3/Content/texures/T_GearWall/gear_wall_low_poly_2_M_Gear1_BaseColor.uasset" 1450
"C:/Users/wscke/Documents/GitHub/practicum-3/practicum3/Content/texures/T_GearWall/gear_wall_low_poly_2_M_Gear1_BaseColor.uexp" 1451
"C:/Users/wscke/Documents/GitHub/practicum-3/practicum3/Content/texures/T_GearTrap/gear_trap_Material_OcclusionRoughnessMetallic.ubulk" 1452
"C:/Users/wscke/Documents/GitHub/practicum-3/practicum3/Content/texures/T_GearTrap/gear_trap_Material_OcclusionRoughnessMetallic.uasset" 1453
"C:/Users/wscke/Documents/GitHub/practicum-3/practicum3/Content/texures/T_GearTrap/gear_trap_Material_OcclusionRoughnessMetallic.uexp" 1454
"C:/Users/wscke/Documents/GitHub/practicum-3/practicum3/Content/texures/T_GearTrap/gear_trap_Material_Normal.ubulk" 1455
"C:/Users/wscke/Documents/GitHub/practicum-3/practicum3/Content/texures/T_GearTrap/gear_trap_Material_Normal.uasset" 1456
"C:/Users/wscke/Documents/GitHub/practicum-3/practicum3/Content/texures/T_GearTrap/gear_trap_Material_Normal.uexp" 1457
"C:/Users/wscke/Documents/GitHub/practicum-3/practicum3/Content/texures/T_GearTrap/gear_trap_Material_Emissive.ubulk" 1458
"C:/Users/wscke/Documents/GitHub/practicum-3/practicum3/Content/texures/T_GearTrap/gear_trap_Material_Emissive.uasset" 1459
"C:/Users/wscke/Documents/GitHub/practicum-3/practicum3/Content/texures/T_GearTrap/gear_trap_Material_Emissive.uexp" 1460
"C:/Users/wscke/Documents/GitHub/practicum-3/practicum3/Content/texures/T_GearTrap/gear_trap_Material_BaseColor.ubulk" 1461
"C:/Users/wscke/Documents/GitHub/practicum-3/practicum3/Content/texures/T_GearTrap/gear_trap_Material_BaseColor.uasset" 1462
"C:/Users/wscke/Documents/GitHub/practicum-3/practicum3/Content/texures/T_GearTrap/gear_trap_Material_BaseColor.uexp" 1463
"C:/Users/wscke/Documents/GitHub/practicum-3/practicum3/Content/texures/T_GearShot/gears_being_shot__DefaultMaterial_OcclusionRoughnessMetallic.ubulk" 1464
"C:/Users/wscke/Documents/GitHub/practicum-3/practicum3/Content/texures/T_GearShot/gears_being_shot__DefaultMaterial_OcclusionRoughnessMetallic.uasset" 1465
"C:/Users/wscke/Documents/GitHub/practicum-3/practicum3/Content/texures/T_GearShot/gears_being_shot__DefaultMaterial_OcclusionRoughnessMetallic.uexp" 1466
"C:/Users/wscke/Documents/GitHub/practicum-3/practicum3/Content/texures/T_GearShot/gears_being_shot__DefaultMaterial_Normal.ubulk" 1467
"C:/Users/wscke/Documents/GitHub/practicum-3/practicum3/Content/texures/T_GearShot/gears_being_shot__DefaultMaterial_Normal.uasset" 1468
"C:/Users/wscke/Documents/GitHub/practicum-3/practicum3/Content/texures/T_GearShot/gears_being_shot__DefaultMaterial_Normal.uexp" 1469
"C:/Users/wscke/Documents/GitHub/practicum-3/practicum3/Content/texures/T_GearShot/gears_being_shot__DefaultMaterial_Emissive.ubulk" 1470
"C:/Users/wscke/Documents/GitHub/practicum-3/practicum3/Content/texures/T_GearShot/gears_being_shot__DefaultMaterial_Emissive.uasset" 1471
"C:/Users/wscke/Documents/GitHub/practicum-3/practicum3/Content/texures/T_GearShot/gears_being_shot__DefaultMaterial_Emissive.uexp" 1472
"C:/Users/wscke/Documents/GitHub/practicum-3/practicum3/Content/texures/T_GearShot/gears_being_shot__DefaultMaterial_BaseColor.ubulk" 1473
"C:/Users/wscke/Documents/GitHub/practicum-3/practicum3/Content/texures/T_GearShot/gears_being_shot__DefaultMaterial_BaseColor.uasset" 1474
"C:/Users/wscke/Documents/GitHub/practicum-3/practicum3/Content/texures/T_GearShot/gears_being_shot__DefaultMaterial_BaseColor.uexp" 1475
"C:/Users/wscke/Documents/GitHub/practicum-3/practicum3/Content/texures/T_GearGrinder/gear_grinder_low_4_M_Wall_OcclusionRoughnessMetallic.ubulk" 1476
"C:/Users/wscke/Documents/GitHub/practicum-3/practicum3/Content/texures/T_GearGrinder/gear_grinder_low_4_M_Wall_OcclusionRoughnessMetallic.uasset" 1477
"C:/Users/wscke/Documents/GitHub/practicum-3/practicum3/Content/texures/T_GearGrinder/gear_grinder_low_4_M_Wall_OcclusionRoughnessMetallic.uexp" 1478
"C:/Users/wscke/Documents/GitHub/practicum-3/practicum3/Content/texures/T_GearGrinder/gear_grinder_low_4_M_Wall_Normal.ubulk" 1479
"C:/Users/wscke/Documents/GitHub/practicum-3/practicum3/Content/texures/T_GearGrinder/gear_grinder_low_4_M_Wall_Normal.uasset" 1480
"C:/Users/wscke/Documents/GitHub/practicum-3/practicum3/Content/texures/T_GearGrinder/gear_grinder_low_4_M_Wall_Normal.uexp" 1481
"C:/Users/wscke/Documents/GitHub/practicum-3/practicum3/Content/texures/T_GearGrinder/gear_grinder_low_4_M_Wall_Emissive.ubulk" 1482
"C:/Users/wscke/Documents/GitHub/practicum-3/practicum3/Content/texures/T_GearGrinder/gear_grinder_low_4_M_Wall_Emissive.uasset" 1483
"C:/Users/wscke/Documents/GitHub/practicum-3/practicum3/Content/texures/T_GearGrinder/gear_grinder_low_4_M_Wall_Emissive.uexp" 1484
"C:/Users/wscke/Documents/GitHub/practicum-3/practicum3/Content/texures/T_GearGrinder/gear_grinder_low_4_M_Wall_BaseColor.ubulk" 1485
"C:/Users/wscke/Documents/GitHub/practicum-3/practicum3/Content/texures/T_GearGrinder/gear_grinder_low_4_M_Wall_BaseColor.uasset" 1486
"C:/Users/wscke/Documents/GitHub/practicum-3/practicum3/Content/texures/T_GearGrinder/gear_grinder_low_4_M_Wall_BaseColor.uexp" 1487
"C:/Users/wscke/Documents/GitHub/practicum-3/practicum3/Content/texures/T_GearGrinder/gear_grinder_low_4_M_WallPillar_OcclusionRoughnessMetallic.ubulk" 1488
"C:/Users/wscke/Documents/GitHub/practicum-3/practicum3/Content/texures/T_GearGrinder/gear_grinder_low_4_M_WallPillar_OcclusionRoughnessMetallic.uasset" 1489
"C:/Users/wscke/Documents/GitHub/practicum-3/practicum3/Content/texures/T_GearGrinder/gear_grinder_low_4_M_WallPillar_OcclusionRoughnessMetallic.uexp" 1490
"C:/Users/wscke/Documents/GitHub/practicum-3/practicum3/Content/texures/T_GearGrinder/gear_grinder_low_4_M_WallPillar_Normal.ubulk" 1491
"C:/Users/wscke/Documents/GitHub/practicum-3/practicum3/Content/texures/T_GearGrinder/gear_grinder_low_4_M_WallPillar_Normal.uasset" 1492
"C:/Users/wscke/Documents/GitHub/practicum-3/practicum3/Content/texures/T_GearGrinder/gear_grinder_low_4_M_WallPillar_Normal.uexp" 1493
"C:/Users/wscke/Documents/GitHub/practicum-3/practicum3/Content/texures/T_GearGrinder/gear_grinder_low_4_M_WallPillar_Emissive.ubulk" 1494
"C:/Users/wscke/Documents/GitHub/practicum-3/practicum3/Content/texures/T_GearGrinder/gear_grinder_low_4_M_WallPillar_Emissive.uasset" 1495
"C:/Users/wscke/Documents/GitHub/practicum-3/practicum3/Content/texures/T_GearGrinder/gear_grinder_low_4_M_WallPillar_Emissive.uexp" 1496
"C:/Users/wscke/Documents/GitHub/practicum-3/practicum3/Content/texures/T_GearGrinder/gear_grinder_low_4_M_WallPillar_BaseColor.ubulk" 1497
"C:/Users/wscke/Documents/GitHub/practicum-3/practicum3/Content/texures/T_GearGrinder/gear_grinder_low_4_M_WallPillar_BaseColor.uasset" 1498
"C:/Users/wscke/Documents/GitHub/practicum-3/practicum3/Content/texures/T_GearGrinder/gear_grinder_low_4_M_WallPillar_BaseColor.uexp" 1499
"C:/Users/wscke/Documents/GitHub/practicum-3/practicum3/Content/texures/T_GearGrinder/gear_grinder_low_4_Gear9_OcclusionRoughnessMetallic.ubulk" 1500
"C:/Users/wscke/Documents/GitHub/practicum-3/practicum3/Content/texures/T_GearGrinder/gear_grinder_low_4_Gear9_OcclusionRoughnessMetallic.uasset" 1501
"C:/Users/wscke/Documents/GitHub/practicum-3/practicum3/Content/texures/T_GearGrinder/gear_grinder_low_4_Gear9_OcclusionRoughnessMetallic.uexp" 1502
"C:/Users/wscke/Documents/GitHub/practicum-3/practicum3/Content/texures/T_GearGrinder/gear_grinder_low_4_Gear9_Normal.ubulk" 1503
"C:/Users/wscke/Documents/GitHub/practicum-3/practicum3/Content/texures/T_GearGrinder/gear_grinder_low_4_Gear9_Normal.uasset" 1504
"C:/Users/wscke/Documents/GitHub/practicum-3/practicum3/Content/texures/T_GearGrinder/gear_grinder_low_4_Gear9_Normal.uexp" 1505
"C:/Users/wscke/Documents/GitHub/practicum-3/practicum3/Content/texures/T_GearGrinder/gear_grinder_low_4_Gear9_Emissive.ubulk" 1506
"C:/Users/wscke/Documents/GitHub/practicum-3/practicum3/Content/texures/T_GearGrinder/gear_grinder_low_4_Gear9_Emissive.uasset" 1507
"C:/Users/wscke/Documents/GitHub/practicum-3/practicum3/Content/texures/T_GearGrinder/gear_grinder_low_4_Gear9_Emissive.uexp" 1508
"C:/Users/wscke/Documents/GitHub/practicum-3/practicum3/Content/texures/T_GearGrinder/gear_grinder_low_4_Gear9_BaseColor.ubulk" 1509
"C:/Users/wscke/Documents/GitHub/practicum-3/practicum3/Content/texures/T_GearGrinder/gear_grinder_low_4_Gear9_BaseColor.uasset" 1510
"C:/Users/wscke/Documents/GitHub/practicum-3/practicum3/Content/texures/T_GearGrinder/gear_grinder_low_4_Gear9_BaseColor.uexp" 1511
"C:/Users/wscke/Documents/GitHub/practicum-3/practicum3/Content/texures/T_GearGrinder/gear_grinder_low_4_Gear8_OcclusionRoughnessMetallic.ubulk" 1512
"C:/Users/wscke/Documents/GitHub/practicum-3/practicum3/Content/texures/T_GearGrinder/gear_grinder_low_4_Gear8_OcclusionRoughnessMetallic.uasset" 1513
"C:/Users/wscke/Documents/GitHub/practicum-3/practicum3/Content/texures/T_GearGrinder/gear_grinder_low_4_Gear8_OcclusionRoughnessMetallic.uexp" 1514
"C:/Users/wscke/Documents/GitHub/practicum-3/practicum3/Content/texures/T_GearGrinder/gear_grinder_low_4_Gear8_Normal.ubulk" 1515
"C:/Users/wscke/Documents/GitHub/practicum-3/practicum3/Content/texures/T_GearGrinder/gear_grinder_low_4_Gear8_Normal.uasset" 1516
"C:/Users/wscke/Documents/GitHub/practicum-3/practicum3/Content/texures/T_GearGrinder/gear_grinder_low_4_Gear8_Normal.uexp" 1517
"C:/Users/wscke/Documents/GitHub/practicum-3/practicum3/Content/texures/T_GearGrinder/gear_grinder_low_4_Gear8_Emissive.ubulk" 1518
"C:/Users/wscke/Documents/GitHub/practicum-3/practicum3/Content/texures/T_GearGrinder/gear_grinder_low_4_Gear8_Emissive.uasset" 1519
"C:/Users/wscke/Documents/GitHub/practicum-3/practicum3/Content/texures/T_GearGrinder/gear_grinder_low_4_Gear8_Emissive.uexp" 1520
"C:/Users/wscke/Documents/GitHub/practicum-3/practicum3/Content/texures/T_GearGrinder/gear_grinder_low_4_Gear8_BaseColor.ubulk" 1521
"C:/Users/wscke/Documents/GitHub/practicum-3/practicum3/Content/texures/T_GearGrinder/gear_grinder_low_4_Gear8_BaseColor.uasset" 1522
"C:/Users/wscke/Documents/GitHub/practicum-3/practicum3/Content/texures/T_GearGrinder/gear_grinder_low_4_Gear8_BaseColor.uexp" 1523
"C:/Users/wscke/Documents/GitHub/practicum-3/practicum3/Content/texures/T_GearGrinder/gear_grinder_low_4_Gear7_OcclusionRoughnessMetallic.ubulk" 1524
"C:/Users/wscke/Documents/GitHub/practicum-3/practicum3/Content/texures/T_GearGrinder/gear_grinder_low_4_Gear7_OcclusionRoughnessMetallic.uasset" 1525
"C:/Users/wscke/Documents/GitHub/practicum-3/practicum3/Content/texures/T_GearGrinder/gear_grinder_low_4_Gear7_OcclusionRoughnessMetallic.uexp" 1526
"C:/Users/wscke/Documents/GitHub/practicum-3/practicum3/Content/texures/T_GearGrinder/gear_grinder_low_4_Gear7_Normal.ubulk" 1527
"C:/Users/wscke/Documents/GitHub/practicum-3/practicum3/Content/texures/T_GearGrinder/gear_grinder_low_4_Gear7_Normal.uasset" 1528
"C:/Users/wscke/Documents/GitHub/practicum-3/practicum3/Content/texures/T_GearGrinder/gear_grinder_low_4_Gear7_Normal.uexp" 1529
"C:/Users/wscke/Documents/GitHub/practicum-3/practicum3/Content/texures/T_GearGrinder/gear_grinder_low_4_Gear7_Emissive.ubulk" 1530
"C:/Users/wscke/Documents/GitHub/practicum-3/practicum3/Content/texures/T_GearGrinder/gear_grinder_low_4_Gear7_Emissive.uasset" 1531
"C:/Users/wscke/Documents/GitHub/practicum-3/practicum3/Content/texures/T_GearGrinder/gear_grinder_low_4_Gear7_Emissive.uexp" 1532
"C:/Users/wscke/Documents/GitHub/practicum-3/practicum3/Content/texures/T_GearGrinder/gear_grinder_low_4_Gear7_BaseColor.ubulk" 1533
"C:/Users/wscke/Documents/GitHub/practicum-3/practicum3/Content/texures/T_GearGrinder/gear_grinder_low_4_Gear7_BaseColor.uasset" 1534
"C:/Users/wscke/Documents/GitHub/practicum-3/practicum3/Content/texures/T_GearGrinder/gear_grinder_low_4_Gear7_BaseColor.uexp" 1535
"C:/Users/wscke/Documents/GitHub/practicum-3/practicum3/Content/texures/T_GearGrinder/gear_grinder_low_4_Gear6_OcclusionRoughnessMetallic.ubulk" 1536
"C:/Users/wscke/Documents/GitHub/practicum-3/practicum3/Content/texures/T_GearGrinder/gear_grinder_low_4_Gear6_OcclusionRoughnessMetallic.uasset" 1537
"C:/Users/wscke/Documents/GitHub/practicum-3/practicum3/Content/texures/T_GearGrinder/gear_grinder_low_4_Gear6_OcclusionRoughnessMetallic.uexp" 1538
"C:/Users/wscke/Documents/GitHub/practicum-3/practicum3/Content/texures/T_GearGrinder/gear_grinder_low_4_Gear6_Normal.ubulk" 1539
"C:/Users/wscke/Documents/GitHub/practicum-3/practicum3/Content/texures/T_GearGrinder/gear_grinder_low_4_Gear6_Normal.uasset" 1540
"C:/Users/wscke/Documents/GitHub/practicum-3/practicum3/Content/texures/T_GearGrinder/gear_grinder_low_4_Gear6_Normal.uexp" 1541
"C:/Users/wscke/Documents/GitHub/practicum-3/practicum3/Content/texures/T_GearGrinder/gear_grinder_low_4_Gear6_Emissive.ubulk" 1542
"C:/Users/wscke/Documents/GitHub/practicum-3/practicum3/Content/texures/T_GearGrinder/gear_grinder_low_4_Gear6_Emissive.uasset" 1543
"C:/Users/wscke/Documents/GitHub/practicum-3/practicum3/Content/texures/T_GearGrinder/gear_grinder_low_4_Gear6_Emissive.uexp" 1544
"C:/Users/wscke/Documents/GitHub/practicum-3/practicum3/Content/texures/T_GearGrinder/gear_grinder_low_4_Gear6_BaseColor.ubulk" 1545
"C:/Users/wscke/Documents/GitHub/practicum-3/practicum3/Content/texures/T_GearGrinder/gear_grinder_low_4_Gear6_BaseColor.uasset" 1546
"C:/Users/wscke/Documents/GitHub/practicum-3/practicum3/Content/texures/T_GearGrinder/gear_grinder_low_4_Gear6_BaseColor.uexp" 1547
"C:/Users/wscke/Documents/GitHub/practicum-3/practicum3/Content/texures/T_GearGrinder/gear_grinder_low_4_Gear5_OcclusionRoughnessMetallic.ubulk" 1548
"C:/Users/wscke/Documents/GitHub/practicum-3/practicum3/Content/texures/T_GearGrinder/gear_grinder_low_4_Gear5_OcclusionRoughnessMetallic.uasset" 1549
"C:/Users/wscke/Documents/GitHub/practicum-3/practicum3/Content/texures/T_GearGrinder/gear_grinder_low_4_Gear5_OcclusionRoughnessMetallic.uexp" 1550
"C:/Users/wscke/Documents/GitHub/practicum-3/practicum3/Content/texures/T_GearGrinder/gear_grinder_low_4_Gear5_Normal.ubulk" 1551
"C:/Users/wscke/Documents/GitHub/practicum-3/practicum3/Content/texures/T_GearGrinder/gear_grinder_low_4_Gear5_Normal.uasset" 1552
"C:/Users/wscke/Documents/GitHub/practicum-3/practicum3/Content/texures/T_GearGrinder/gear_grinder_low_4_Gear5_Normal.uexp" 1553
"C:/Users/wscke/Documents/GitHub/practicum-3/practicum3/Content/texures/T_GearGrinder/gear_grinder_low_4_Gear5_Emissive.ubulk" 1554
"C:/Users/wscke/Documents/GitHub/practicum-3/practicum3/Content/texures/T_GearGrinder/gear_grinder_low_4_Gear5_Emissive.uasset" 1555
"C:/Users/wscke/Documents/GitHub/practicum-3/practicum3/Content/texures/T_GearGrinder/gear_grinder_low_4_Gear5_Emissive.uexp" 1556
"C:/Users/wscke/Documents/GitHub/practicum-3/practicum3/Content/texures/T_GearGrinder/gear_grinder_low_4_Gear5_BaseColor.ubulk" 1557
"C:/Users/wscke/Documents/GitHub/practicum-3/practicum3/Content/texures/T_GearGrinder/gear_grinder_low_4_Gear5_BaseColor.uasset" 1558
"C:/Users/wscke/Documents/GitHub/practicum-3/practicum3/Content/texures/T_GearGrinder/gear_grinder_low_4_Gear5_BaseColor.uexp" 1559
"C:/Users/wscke/Documents/GitHub/practicum-3/practicum3/Content/texures/T_GearGrinder/gear_grinder_low_4_Gear4_OcclusionRoughnessMetallic.ubulk" 1560
"C:/Users/wscke/Documents/GitHub/practicum-3/practicum3/Content/texures/T_GearGrinder/gear_grinder_low_4_Gear4_OcclusionRoughnessMetallic.uasset" 1561
"C:/Users/wscke/Documents/GitHub/practicum-3/practicum3/Content/texures/T_GearGrinder/gear_grinder_low_4_Gear4_OcclusionRoughnessMetallic.uexp" 1562
"C:/Users/wscke/Documents/GitHub/practicum-3/practicum3/Content/texures/T_GearGrinder/gear_grinder_low_4_Gear4_Normal.ubulk" 1563
"C:/Users/wscke/Documents/GitHub/practicum-3/practicum3/Content/texures/T_GearGrinder/gear_grinder_low_4_Gear4_Normal.uasset" 1564
"C:/Users/wscke/Documents/GitHub/practicum-3/practicum3/Content/texures/T_GearGrinder/gear_grinder_low_4_Gear4_Normal.uexp" 1565
"C:/Users/wscke/Documents/GitHub/practicum-3/practicum3/Content/texures/T_GearGrinder/gear_grinder_low_4_Gear4_Emissive.ubulk" 1566
"C:/Users/wscke/Documents/GitHub/practicum-3/practicum3/Content/texures/T_GearGrinder/gear_grinder_low_4_Gear4_Emissive.uasset" 1567
"C:/Users/wscke/Documents/GitHub/practicum-3/practicum3/Content/texures/T_GearGrinder/gear_grinder_low_4_Gear4_Emissive.uexp" 1568
"C:/Users/wscke/Documents/GitHub/practicum-3/practicum3/Content/texures/T_GearGrinder/gear_grinder_low_4_Gear4_BaseColor.ubulk" 1569
"C:/Users/wscke/Documents/GitHub/practicum-3/practicum3/Content/texures/T_GearGrinder/gear_grinder_low_4_Gear4_BaseColor.uasset" 1570
"C:/Users/wscke/Documents/GitHub/practicum-3/practicum3/Content/texures/T_GearGrinder/gear_grinder_low_4_Gear4_BaseColor.uexp" 1571
"C:/Users/wscke/Documents/GitHub/practicum-3/practicum3/Content/texures/T_GearGrinder/gear_grinder_low_4_Gear3_OcclusionRoughnessMetallic.ubulk" 1572
"C:/Users/wscke/Documents/GitHub/practicum-3/practicum3/Content/texures/T_GearGrinder/gear_grinder_low_4_Gear3_OcclusionRoughnessMetallic.uasset" 1573
"C:/Users/wscke/Documents/GitHub/practicum-3/practicum3/Content/texures/T_GearGrinder/gear_grinder_low_4_Gear3_OcclusionRoughnessMetallic.uexp" 1574
"C:/Users/wscke/Documents/GitHub/practicum-3/practicum3/Content/texures/T_GearGrinder/gear_grinder_low_4_Gear3_Normal.ubulk" 1575
"C:/Users/wscke/Documents/GitHub/practicum-3/practicum3/Content/texures/T_GearGrinder/gear_grinder_low_4_Gear3_Normal.uasset" 1576
"C:/Users/wscke/Documents/GitHub/practicum-3/practicum3/Content/texures/T_GearGrinder/gear_grinder_low_4_Gear3_Normal.uexp" 1577
"C:/Users/wscke/Documents/GitHub/practicum-3/practicum3/Content/texures/T_GearGrinder/gear_grinder_low_4_Gear3_Emissive.ubulk" 1578
"C:/Users/wscke/Documents/GitHub/practicum-3/practicum3/Content/texures/T_GearGrinder/gear_grinder_low_4_Gear3_Emissive.uasset" 1579
"C:/Users/wscke/Documents/GitHub/practicum-3/practicum3/Content/texures/T_GearGrinder/gear_grinder_low_4_Gear3_Emissive.uexp" 1580
"C:/Users/wscke/Documents/GitHub/practicum-3/practicum3/Content/texures/T_GearGrinder/gear_grinder_low_4_Gear3_BaseColor.ubulk" 1581
"C:/Users/wscke/Documents/GitHub/practicum-3/practicum3/Content/texures/T_GearGrinder/gear_grinder_low_4_Gear3_BaseColor.uasset" 1582
"C:/Users/wscke/Documents/GitHub/practicum-3/practicum3/Content/texures/T_GearGrinder/gear_grinder_low_4_Gear3_BaseColor.uexp" 1583
"C:/Users/wscke/Documents/GitHub/practicum-3/practicum3/Content/texures/T_GearGrinder/gear_grinder_low_4_Gear2_OcclusionRoughnessMetallic.ubulk" 1584
"C:/Users/wscke/Documents/GitHub/practicum-3/practicum3/Content/texures/T_GearGrinder/gear_grinder_low_4_Gear2_OcclusionRoughnessMetallic.uasset" 1585
"C:/Users/wscke/Documents/GitHub/practicum-3/practicum3/Content/texures/T_GearGrinder/gear_grinder_low_4_Gear2_OcclusionRoughnessMetallic.uexp" 1586
"C:/Users/wscke/Documents/GitHub/practicum-3/practicum3/Content/texures/T_GearGrinder/gear_grinder_low_4_Gear2_Normal.ubulk" 1587
"C:/Users/wscke/Documents/GitHub/practicum-3/practicum3/Content/texures/T_GearGrinder/gear_grinder_low_4_Gear2_Normal.uasset" 1588
"C:/Users/wscke/Documents/GitHub/practicum-3/practicum3/Content/texures/T_GearGrinder/gear_grinder_low_4_Gear2_Normal.uexp" 1589
"C:/Users/wscke/Documents/GitHub/practicum-3/practicum3/Content/texures/T_GearGrinder/gear_grinder_low_4_Gear2_Emissive.ubulk" 1590
"C:/Users/wscke/Documents/GitHub/practicum-3/practicum3/Content/texures/T_GearGrinder/gear_grinder_low_4_Gear2_Emissive.uasset" 1591
"C:/Users/wscke/Documents/GitHub/practicum-3/practicum3/Content/texures/T_GearGrinder/gear_grinder_low_4_Gear2_Emissive.uexp" 1592
"C:/Users/wscke/Documents/GitHub/practicum-3/practicum3/Content/texures/T_GearGrinder/gear_grinder_low_4_Gear2_BaseColor.ubulk" 1593
"C:/Users/wscke/Documents/GitHub/practicum-3/practicum3/Content/texures/T_GearGrinder/gear_grinder_low_4_Gear2_BaseColor.uasset" 1594
"C:/Users/wscke/Documents/GitHub/practicum-3/practicum3/Content/texures/T_GearGrinder/gear_grinder_low_4_Gear2_BaseColor.uexp" 1595
"C:/Users/wscke/Documents/GitHub/practicum-3/practicum3/Content/texures/T_GearGrinder/gear_grinder_low_4_Gear1_OcclusionRoughnessMetallic.ubulk" 1596
"C:/Users/wscke/Documents/GitHub/practicum-3/practicum3/Content/texures/T_GearGrinder/gear_grinder_low_4_Gear1_OcclusionRoughnessMetallic.uasset" 1597
"C:/Users/wscke/Documents/GitHub/practicum-3/practicum3/Content/texures/T_GearGrinder/gear_grinder_low_4_Gear1_OcclusionRoughnessMetallic.uexp" 1598
"C:/Users/wscke/Documents/GitHub/practicum-3/practicum3/Content/texures/T_GearGrinder/gear_grinder_low_4_Gear1_Normal.ubulk" 1599
"C:/Users/wscke/Documents/GitHub/practicum-3/practicum3/Content/texures/T_GearGrinder/gear_grinder_low_4_Gear1_Normal.uasset" 1600
"C:/Users/wscke/Documents/GitHub/practicum-3/practicum3/Content/texures/T_GearGrinder/gear_grinder_low_4_Gear1_Normal.uexp" 1601
"C:/Users/wscke/Documents/GitHub/practicum-3/practicum3/Content/texures/T_GearGrinder/gear_grinder_low_4_Gear1_Emissive.ubulk" 1602
"C:/Users/wscke/Documents/GitHub/practicum-3/practicum3/Content/texures/T_GearGrinder/gear_grinder_low_4_Gear1_Emissive.uasset" 1603
"C:/Users/wscke/Documents/GitHub/practicum-3/practicum3/Content/texures/T_GearGrinder/gear_grinder_low_4_Gear1_Emissive.uexp" 1604
"C:/Users/wscke/Documents/GitHub/practicum-3/practicum3/Content/texures/T_GearGrinder/gear_grinder_low_4_Gear1_BaseColor.ubulk" 1605
"C:/Users/wscke/Documents/GitHub/practicum-3/practicum3/Content/texures/T_GearGrinder/gear_grinder_low_4_Gear1_BaseColor.uasset" 1606
"C:/Users/wscke/Documents/GitHub/practicum-3/practicum3/Content/texures/T_GearGrinder/gear_grinder_low_4_Gear1_BaseColor.uexp" 1607
"C:/Users/wscke/Documents/GitHub/practicum-3/practicum3/Content/texures/T_GearGrinder/gear_grinder_low_4_Gear11_OcclusionRoughnessMetallic.ubulk" 1608
"C:/Users/wscke/Documents/GitHub/practicum-3/practicum3/Content/texures/T_GearGrinder/gear_grinder_low_4_Gear11_OcclusionRoughnessMetallic.uasset" 1609
"C:/Users/wscke/Documents/GitHub/practicum-3/practicum3/Content/texures/T_GearGrinder/gear_grinder_low_4_Gear11_OcclusionRoughnessMetallic.uexp" 1610
"C:/Users/wscke/Documents/GitHub/practicum-3/practicum3/Content/texures/T_GearGrinder/gear_grinder_low_4_Gear11_Normal.ubulk" 1611
"C:/Users/wscke/Documents/GitHub/practicum-3/practicum3/Content/texures/T_GearGrinder/gear_grinder_low_4_Gear11_Normal.uasset" 1612
"C:/Users/wscke/Documents/GitHub/practicum-3/practicum3/Content/texures/T_GearGrinder/gear_grinder_low_4_Gear11_Normal.uexp" 1613
"C:/Users/wscke/Documents/GitHub/practicum-3/practicum3/Content/texures/T_GearGrinder/gear_grinder_low_4_Gear11_Emissive.ubulk" 1614
"C:/Users/wscke/Documents/GitHub/practicum-3/practicum3/Content/texures/T_GearGrinder/gear_grinder_low_4_Gear11_Emissive.uasset" 1615
"C:/Users/wscke/Documents/GitHub/practicum-3/practicum3/Content/texures/T_GearGrinder/gear_grinder_low_4_Gear11_Emissive.uexp" 1616
"C:/Users/wscke/Documents/GitHub/practicum-3/practicum3/Content/texures/T_GearGrinder/gear_grinder_low_4_Gear11_BaseColor.ubulk" 1617
"C:/Users/wscke/Documents/GitHub/practicum-3/practicum3/Content/texures/T_GearGrinder/gear_grinder_low_4_Gear11_BaseColor.uasset" 1618
"C:/Users/wscke/Documents/GitHub/practicum-3/practicum3/Content/texures/T_GearGrinder/gear_grinder_low_4_Gear11_BaseColor.uexp" 1619
"C:/Users/wscke/Documents/GitHub/practicum-3/practicum3/Content/texures/T_GearGrinder/gear_grinder_low_4_Gear10_OcclusionRoughnessMetallic.ubulk" 1620
"C:/Users/wscke/Documents/GitHub/practicum-3/practicum3/Content/texures/T_GearGrinder/gear_grinder_low_4_Gear10_OcclusionRoughnessMetallic.uasset" 1621
"C:/Users/wscke/Documents/GitHub/practicum-3/practicum3/Content/texures/T_GearGrinder/gear_grinder_low_4_Gear10_OcclusionRoughnessMetallic.uexp" 1622
"C:/Users/wscke/Documents/GitHub/practicum-3/practicum3/Content/texures/T_GearGrinder/gear_grinder_low_4_Gear10_Normal.ubulk" 1623
"C:/Users/wscke/Documents/GitHub/practicum-3/practicum3/Content/texures/T_GearGrinder/gear_grinder_low_4_Gear10_Normal.uasset" 1624
"C:/Users/wscke/Documents/GitHub/practicum-3/practicum3/Content/texures/T_GearGrinder/gear_grinder_low_4_Gear10_Normal.uexp" 1625
"C:/Users/wscke/Documents/GitHub/practicum-3/practicum3/Content/texures/T_GearGrinder/gear_grinder_low_4_Gear10_Emissive.ubulk" 1626
"C:/Users/wscke/Documents/GitHub/practicum-3/practicum3/Content/texures/T_GearGrinder/gear_grinder_low_4_Gear10_Emissive.uasset" 1627
"C:/Users/wscke/Documents/GitHub/practicum-3/practicum3/Content/texures/T_GearGrinder/gear_grinder_low_4_Gear10_Emissive.uexp" 1628
"C:/Users/wscke/Documents/GitHub/practicum-3/practicum3/Content/texures/T_GearGrinder/gear_grinder_low_4_Gear10_BaseColor.ubulk" 1629
"C:/Users/wscke/Documents/GitHub/practicum-3/practicum3/Content/texures/T_GearGrinder/gear_grinder_low_4_Gear10_BaseColor.uasset" 1630
"C:/Users/wscke/Documents/GitHub/practicum-3/practicum3/Content/texures/T_GearGrinder/gear_grinder_low_4_Gear10_BaseColor.uexp" 1631
"C:/Users/wscke/Documents/GitHub/practicum-3/practicum3/Content/texures/T_ExplodingCrystal/crystal_exsploding_low_2_Gear4_OcclusionRoughnessMetallic.ubulk" 1632
"C:/Users/wscke/Documents/GitHub/practicum-3/practicum3/Content/texures/T_ExplodingCrystal/crystal_exsploding_low_2_Gear4_OcclusionRoughnessMetallic.uasset" 1633
"C:/Users/wscke/Documents/GitHub/practicum-3/practicum3/Content/texures/T_ExplodingCrystal/crystal_exsploding_low_2_Gear4_OcclusionRoughnessMetallic.uexp" 1634
"C:/Users/wscke/Documents/GitHub/practicum-3/practicum3/Content/texures/T_ExplodingCrystal/crystal_exsploding_low_2_Gear4_Normal.ubulk" 1635
"C:/Users/wscke/Documents/GitHub/practicum-3/practicum3/Content/texures/T_ExplodingCrystal/crystal_exsploding_low_2_Gear4_Normal.uasset" 1636
"C:/Users/wscke/Documents/GitHub/practicum-3/practicum3/Content/texures/T_ExplodingCrystal/crystal_exsploding_low_2_Gear4_Normal.uexp" 1637
"C:/Users/wscke/Documents/GitHub/practicum-3/practicum3/Content/texures/T_ExplodingCrystal/crystal_exsploding_low_2_Gear4_Emissive.ubulk" 1638
"C:/Users/wscke/Documents/GitHub/practicum-3/practicum3/Content/texures/T_ExplodingCrystal/crystal_exsploding_low_2_Gear4_Emissive.uasset" 1639
"C:/Users/wscke/Documents/GitHub/practicum-3/practicum3/Content/texures/T_ExplodingCrystal/crystal_exsploding_low_2_Gear4_Emissive.uexp" 1640
"C:/Users/wscke/Documents/GitHub/practicum-3/practicum3/Content/texures/T_ExplodingCrystal/crystal_exsploding_low_2_Gear4_BaseColor.ubulk" 1641
"C:/Users/wscke/Documents/GitHub/practicum-3/practicum3/Content/texures/T_ExplodingCrystal/crystal_exsploding_low_2_Gear4_BaseColor.uasset" 1642
"C:/Users/wscke/Documents/GitHub/practicum-3/practicum3/Content/texures/T_ExplodingCrystal/crystal_exsploding_low_2_Gear4_BaseColor.uexp" 1643
"C:/Users/wscke/Documents/GitHub/practicum-3/practicum3/Content/texures/T_ExplodingCrystal/crystal_exsploding_low_2_Gear3_OcclusionRoughnessMetallic.ubulk" 1644
"C:/Users/wscke/Documents/GitHub/practicum-3/practicum3/Content/texures/T_ExplodingCrystal/crystal_exsploding_low_2_Gear3_OcclusionRoughnessMetallic.uasset" 1645
"C:/Users/wscke/Documents/GitHub/practicum-3/practicum3/Content/texures/T_ExplodingCrystal/crystal_exsploding_low_2_Gear3_OcclusionRoughnessMetallic.uexp" 1646
"C:/Users/wscke/Documents/GitHub/practicum-3/practicum3/Content/texures/T_ExplodingCrystal/crystal_exsploding_low_2_Gear3_Normal.ubulk" 1647
"C:/Users/wscke/Documents/GitHub/practicum-3/practicum3/Content/texures/T_ExplodingCrystal/crystal_exsploding_low_2_Gear3_Normal.uasset" 1648
"C:/Users/wscke/Documents/GitHub/practicum-3/practicum3/Content/texures/T_ExplodingCrystal/crystal_exsploding_low_2_Gear3_Normal.uexp" 1649
"C:/Users/wscke/Documents/GitHub/practicum-3/practicum3/Content/texures/T_ExplodingCrystal/crystal_exsploding_low_2_Gear3_Emissive.ubulk" 1650
"C:/Users/wscke/Documents/GitHub/practicum-3/practicum3/Content/texures/T_ExplodingCrystal/crystal_exsploding_low_2_Gear3_Emissive.uasset" 1651
"C:/Users/wscke/Documents/GitHub/practicum-3/practicum3/Content/texures/T_ExplodingCrystal/crystal_exsploding_low_2_Gear3_Emissive.uexp" 1652
"C:/Users/wscke/Documents/GitHub/practicum-3/practicum3/Content/texures/T_ExplodingCrystal/crystal_exsploding_low_2_Gear3_BaseColor.ubulk" 1653
"C:/Users/wscke/Documents/GitHub/practicum-3/practicum3/Content/texures/T_ExplodingCrystal/crystal_exsploding_low_2_Gear3_BaseColor.uasset" 1654
"C:/Users/wscke/Documents/GitHub/practicum-3/practicum3/Content/texures/T_ExplodingCrystal/crystal_exsploding_low_2_Gear3_BaseColor.uexp" 1655
"C:/Users/wscke/Documents/GitHub/practicum-3/practicum3/Content/texures/T_ExplodingCrystal/crystal_exsploding_low_2_Gear2_OcclusionRoughnessMetallic.ubulk" 1656
"C:/Users/wscke/Documents/GitHub/practicum-3/practicum3/Content/texures/T_ExplodingCrystal/crystal_exsploding_low_2_Gear2_OcclusionRoughnessMetallic.uasset" 1657
"C:/Users/wscke/Documents/GitHub/practicum-3/practicum3/Content/texures/T_ExplodingCrystal/crystal_exsploding_low_2_Gear2_OcclusionRoughnessMetallic.uexp" 1658
"C:/Users/wscke/Documents/GitHub/practicum-3/practicum3/Content/texures/T_ExplodingCrystal/crystal_exsploding_low_2_Gear2_Normal.ubulk" 1659
"C:/Users/wscke/Documents/GitHub/practicum-3/practicum3/Content/texures/T_ExplodingCrystal/crystal_exsploding_low_2_Gear2_Normal.uasset" 1660
"C:/Users/wscke/Documents/GitHub/practicum-3/practicum3/Content/texures/T_ExplodingCrystal/crystal_exsploding_low_2_Gear2_Normal.uexp" 1661
"C:/Users/wscke/Documents/GitHub/practicum-3/practicum3/Content/texures/T_ExplodingCrystal/crystal_exsploding_low_2_Gear2_Emissive.ubulk" 1662
"C:/Users/wscke/Documents/GitHub/practicum-3/practicum3/Content/texures/T_ExplodingCrystal/crystal_exsploding_low_2_Gear2_Emissive.uasset" 1663
"C:/Users/wscke/Documents/GitHub/practicum-3/practicum3/Content/texures/T_ExplodingCrystal/crystal_exsploding_low_2_Gear2_Emissive.uexp" 1664
"C:/Users/wscke/Documents/GitHub/practicum-3/practicum3/Content/texures/T_ExplodingCrystal/crystal_exsploding_low_2_Gear2_BaseColor.ubulk" 1665
"C:/Users/wscke/Documents/GitHub/practicum-3/practicum3/Content/texures/T_ExplodingCrystal/crystal_exsploding_low_2_Gear2_BaseColor.uasset" 1666
"C:/Users/wscke/Documents/GitHub/practicum-3/practicum3/Content/texures/T_ExplodingCrystal/crystal_exsploding_low_2_Gear2_BaseColor.uexp" 1667
"C:/Users/wscke/Documents/GitHub/practicum-3/practicum3/Content/texures/T_ExplodingCrystal/crystal_exsploding_low_2_Gear1_OcclusionRoughnessMetallic.ubulk" 1668
"C:/Users/wscke/Documents/GitHub/practicum-3/practicum3/Content/texures/T_ExplodingCrystal/crystal_exsploding_low_2_Gear1_OcclusionRoughnessMetallic.uasset" 1669
"C:/Users/wscke/Documents/GitHub/practicum-3/practicum3/Content/texures/T_ExplodingCrystal/crystal_exsploding_low_2_Gear1_OcclusionRoughnessMetallic.uexp" 1670
"C:/Users/wscke/Documents/GitHub/practicum-3/practicum3/Content/texures/T_ExplodingCrystal/crystal_exsploding_low_2_Gear1_Normal.ubulk" 1671
"C:/Users/wscke/Documents/GitHub/practicum-3/practicum3/Content/texures/T_ExplodingCrystal/crystal_exsploding_low_2_Gear1_Normal.uasset" 1672
"C:/Users/wscke/Documents/GitHub/practicum-3/practicum3/Content/texures/T_ExplodingCrystal/crystal_exsploding_low_2_Gear1_Normal.uexp" 1673
"C:/Users/wscke/Documents/GitHub/practicum-3/practicum3/Content/texures/T_ExplodingCrystal/crystal_exsploding_low_2_Gear1_Emissive.ubulk" 1674
"C:/Users/wscke/Documents/GitHub/practicum-3/practicum3/Content/texures/T_ExplodingCrystal/crystal_exsploding_low_2_Gear1_Emissive.uasset" 1675
"C:/Users/wscke/Documents/GitHub/practicum-3/practicum3/Content/texures/T_ExplodingCrystal/crystal_exsploding_low_2_Gear1_Emissive.uexp" 1676
"C:/Users/wscke/Documents/GitHub/practicum-3/practicum3/Content/texures/T_ExplodingCrystal/crystal_exsploding_low_2_Gear1_BaseColor.ubulk" 1677
"C:/Users/wscke/Documents/GitHub/practicum-3/practicum3/Content/texures/T_ExplodingCrystal/crystal_exsploding_low_2_Gear1_BaseColor.uasset" 1678
"C:/Users/wscke/Documents/GitHub/practicum-3/practicum3/Content/texures/T_ExplodingCrystal/crystal_exsploding_low_2_Gear1_BaseColor.uexp" 1679
"C:/Users/wscke/Documents/GitHub/practicum-3/practicum3/Content/texures/T_ExplodingCrystal/crystal_exsploding_low_2_Crystal_OcclusionRoughnessMetallic.ubulk" 1680
"C:/Users/wscke/Documents/GitHub/practicum-3/practicum3/Content/texures/T_ExplodingCrystal/crystal_exsploding_low_2_Crystal_OcclusionRoughnessMetallic.uasset" 1681
"C:/Users/wscke/Documents/GitHub/practicum-3/practicum3/Content/texures/T_ExplodingCrystal/crystal_exsploding_low_2_Crystal_OcclusionRoughnessMetallic.uexp" 1682
"C:/Users/wscke/Documents/GitHub/practicum-3/practicum3/Content/texures/T_ExplodingCrystal/crystal_exsploding_low_2_Crystal_Normal.ubulk" 1683
"C:/Users/wscke/Documents/GitHub/practicum-3/practicum3/Content/texures/T_ExplodingCrystal/crystal_exsploding_low_2_Crystal_Normal.uasset" 1684
"C:/Users/wscke/Documents/GitHub/practicum-3/practicum3/Content/texures/T_ExplodingCrystal/crystal_exsploding_low_2_Crystal_Normal.uexp" 1685
"C:/Users/wscke/Documents/GitHub/practicum-3/practicum3/Content/texures/T_ExplodingCrystal/crystal_exsploding_low_2_Crystal_Emissive.ubulk" 1686
"C:/Users/wscke/Documents/GitHub/practicum-3/practicum3/Content/texures/T_ExplodingCrystal/crystal_exsploding_low_2_Crystal_Emissive.uasset" 1687
"C:/Users/wscke/Documents/GitHub/practicum-3/practicum3/Content/texures/T_ExplodingCrystal/crystal_exsploding_low_2_Crystal_Emissive.uexp" 1688
"C:/Users/wscke/Documents/GitHub/practicum-3/practicum3/Content/texures/T_ExplodingCrystal/crystal_exsploding_low_2_Crystal_BaseColor.ubulk" 1689
"C:/Users/wscke/Documents/GitHub/practicum-3/practicum3/Content/texures/T_ExplodingCrystal/crystal_exsploding_low_2_Crystal_BaseColor.uasset" 1690
"C:/Users/wscke/Documents/GitHub/practicum-3/practicum3/Content/texures/T_ExplodingCrystal/crystal_exsploding_low_2_Crystal_BaseColor.uexp" 1691
"C:/Users/wscke/Documents/GitHub/practicum-3/practicum3/Content/texures/T_CannonBottom/cannon_bottem_half_low_poly_DefaultMaterial_OcclusionRoughnessMetallic.ubulk" 1692
"C:/Users/wscke/Documents/GitHub/practicum-3/practicum3/Content/texures/T_CannonBottom/cannon_bottem_half_low_poly_DefaultMaterial_OcclusionRoughnessMetallic.uasset" 1693
"C:/Users/wscke/Documents/GitHub/practicum-3/practicum3/Content/texures/T_CannonBottom/cannon_bottem_half_low_poly_DefaultMaterial_OcclusionRoughnessMetallic.uexp" 1694
"C:/Users/wscke/Documents/GitHub/practicum-3/practicum3/Content/texures/T_CannonBottom/cannon_bottem_half_low_poly_DefaultMaterial_Normal.ubulk" 1695
"C:/Users/wscke/Documents/GitHub/practicum-3/practicum3/Content/texures/T_CannonBottom/cannon_bottem_half_low_poly_DefaultMaterial_Normal.uasset" 1696
"C:/Users/wscke/Documents/GitHub/practicum-3/practicum3/Content/texures/T_CannonBottom/cannon_bottem_half_low_poly_DefaultMaterial_Normal.uexp" 1697
"C:/Users/wscke/Documents/GitHub/practicum-3/practicum3/Content/texures/T_CannonBottom/cannon_bottem_half_low_poly_DefaultMaterial_Emissive.ubulk" 1698
"C:/Users/wscke/Documents/GitHub/practicum-3/practicum3/Content/texures/T_CannonBottom/cannon_bottem_half_low_poly_DefaultMaterial_Emissive.uasset" 1699
"C:/Users/wscke/Documents/GitHub/practicum-3/practicum3/Content/texures/T_CannonBottom/cannon_bottem_half_low_poly_DefaultMaterial_Emissive.uexp" 1700
"C:/Users/wscke/Documents/GitHub/practicum-3/practicum3/Content/texures/T_CannonBottom/cannon_bottem_half_low_poly_DefaultMaterial_BaseColor.ubulk" 1701
"C:/Users/wscke/Documents/GitHub/practicum-3/practicum3/Content/texures/T_CannonBottom/cannon_bottem_half_low_poly_DefaultMaterial_BaseColor.uasset" 1702
"C:/Users/wscke/Documents/GitHub/practicum-3/practicum3/Content/texures/T_CannonBottom/cannon_bottem_half_low_poly_DefaultMaterial_BaseColor.uexp" 1703
"C:/Users/wscke/Documents/GitHub/practicum-3/practicum3/Content/texures/T_BottomCrystalShooter/bottom_crystal_shooter_low_poly_DefaultMaterial_OcclusionRoughnessMetallic.ubulk" 1704
"C:/Users/wscke/Documents/GitHub/practicum-3/practicum3/Content/texures/T_BottomCrystalShooter/bottom_crystal_shooter_low_poly_DefaultMaterial_OcclusionRoughnessMetallic.uasset" 1705
"C:/Users/wscke/Documents/GitHub/practicum-3/practicum3/Content/texures/T_BottomCrystalShooter/bottom_crystal_shooter_low_poly_DefaultMaterial_OcclusionRoughnessMetallic.uexp" 1706
"C:/Users/wscke/Documents/GitHub/practicum-3/practicum3/Content/texures/T_BottomCrystalShooter/bottom_crystal_shooter_low_poly_DefaultMaterial_Normal.ubulk" 1707
"C:/Users/wscke/Documents/GitHub/practicum-3/practicum3/Content/texures/T_BottomCrystalShooter/bottom_crystal_shooter_low_poly_DefaultMaterial_Normal.uasset" 1708
"C:/Users/wscke/Documents/GitHub/practicum-3/practicum3/Content/texures/T_BottomCrystalShooter/bottom_crystal_shooter_low_poly_DefaultMaterial_Normal.uexp" 1709
"C:/Users/wscke/Documents/GitHub/practicum-3/practicum3/Content/texures/T_BottomCrystalShooter/bottom_crystal_shooter_low_poly_DefaultMaterial_Emissive.ubulk" 1710
"C:/Users/wscke/Documents/GitHub/practicum-3/practicum3/Content/texures/T_BottomCrystalShooter/bottom_crystal_shooter_low_poly_DefaultMaterial_Emissive.uasset" 1711
"C:/Users/wscke/Documents/GitHub/practicum-3/practicum3/Content/texures/T_BottomCrystalShooter/bottom_crystal_shooter_low_poly_DefaultMaterial_Emissive.uexp" 1712
"C:/Users/wscke/Documents/GitHub/practicum-3/practicum3/Content/texures/T_BottomCrystalShooter/bottom_crystal_shooter_low_poly_DefaultMaterial_BaseColor.ubulk" 1713
"C:/Users/wscke/Documents/GitHub/practicum-3/practicum3/Content/texures/T_BottomCrystalShooter/bottom_crystal_shooter_low_poly_DefaultMaterial_BaseColor.uasset" 1714
"C:/Users/wscke/Documents/GitHub/practicum-3/practicum3/Content/texures/T_BottomCrystalShooter/bottom_crystal_shooter_low_poly_DefaultMaterial_BaseColor.uexp" 1715
"C:/Users/wscke/Documents/GitHub/practicum-3/practicum3/Content/texures/T_AcidTrap/acide_trap_Material_OcclusionRoughnessMetallic.ubulk" 1716
"C:/Users/wscke/Documents/GitHub/practicum-3/practicum3/Content/texures/T_AcidTrap/acide_trap_Material_OcclusionRoughnessMetallic.uasset" 1717
"C:/Users/wscke/Documents/GitHub/practicum-3/practicum3/Content/texures/T_AcidTrap/acide_trap_Material_OcclusionRoughnessMetallic.uexp" 1718
"C:/Users/wscke/Documents/GitHub/practicum-3/practicum3/Content/texures/T_AcidTrap/acide_trap_Material_Normal.ubulk" 1719
"C:/Users/wscke/Documents/GitHub/practicum-3/practicum3/Content/texures/T_AcidTrap/acide_trap_Material_Normal.uasset" 1720
"C:/Users/wscke/Documents/GitHub/practicum-3/practicum3/Content/texures/T_AcidTrap/acide_trap_Material_Normal.uexp" 1721
"C:/Users/wscke/Documents/GitHub/practicum-3/practicum3/Content/texures/T_AcidTrap/acide_trap_Material_Emissive.ubulk" 1722
"C:/Users/wscke/Documents/GitHub/practicum-3/practicum3/Content/texures/T_AcidTrap/acide_trap_Material_Emissive.uasset" 1723
"C:/Users/wscke/Documents/GitHub/practicum-3/practicum3/Content/texures/T_AcidTrap/acide_trap_Material_Emissive.uexp" 1724
"C:/Users/wscke/Documents/GitHub/practicum-3/practicum3/Content/texures/T_AcidTrap/acide_trap_Material_BaseColor.ubulk" 1725
"C:/Users/wscke/Documents/GitHub/practicum-3/practicum3/Content/texures/T_AcidTrap/acide_trap_Material_BaseColor.uasset" 1726
"C:/Users/wscke/Documents/GitHub/practicum-3/practicum3/Content/texures/T_AcidTrap/acide_trap_Material_BaseColor.uexp" 1727
"C:/Users/wscke/Documents/GitHub/practicum-3/practicum3/Content/texures/minoin/minion_low_Material_001_Height.ubulk" 1728
"C:/Users/wscke/Documents/GitHub/practicum-3/practicum3/Content/texures/minoin/minion_low_Material_001_Height.uasset" 1729
"C:/Users/wscke/Documents/GitHub/practicum-3/practicum3/Content/texures/minoin/minion_low_Material_001_Height.uexp" 1730
"C:/Users/wscke/Documents/GitHub/practicum-3/practicum3/Content/Meshes/traps/tar_trap.ubulk" 1731
"C:/Users/wscke/Documents/GitHub/practicum-3/practicum3/Content/Meshes/traps/tar_trap.uasset" 1732
"C:/Users/wscke/Documents/GitHub/practicum-3/practicum3/Content/Meshes/traps/tar_trap.uexp" 1733
"C:/Users/wscke/Documents/GitHub/practicum-3/practicum3/Content/Meshes/traps/gear_trap.ubulk" 1734
"C:/Users/wscke/Documents/GitHub/practicum-3/practicum3/Content/Meshes/traps/gear_trap.uasset" 1735
"C:/Users/wscke/Documents/GitHub/practicum-3/practicum3/Content/Meshes/traps/gear_trap.uexp" 1736
"C:/Users/wscke/Documents/GitHub/practicum-3/practicum3/Content/Meshes/traps/exsploding_crystal_low.ubulk" 1737
"C:/Users/wscke/Documents/GitHub/practicum-3/practicum3/Content/Meshes/traps/exsploding_crystal_low.uasset" 1738
"C:/Users/wscke/Documents/GitHub/practicum-3/practicum3/Content/Meshes/traps/exsploding_crystal_low.uexp" 1739
"C:/Users/wscke/Documents/GitHub/practicum-3/practicum3/Content/Meshes/portaaal/portal_torus_2_low.ubulk" 1740
"C:/Users/wscke/Documents/GitHub/practicum-3/practicum3/Content/Meshes/portaaal/portal_torus_2_low.uasset" 1741
"C:/Users/wscke/Documents/GitHub/practicum-3/practicum3/Content/Meshes/portaaal/portal_torus_2_low.uexp" 1742
"C:/Users/wscke/Documents/GitHub/practicum-3/practicum3/Content/Meshes/portaaal/portal_sphere_low.ubulk" 1743
"C:/Users/wscke/Documents/GitHub/practicum-3/practicum3/Content/Meshes/portaaal/portal_sphere_low.uasset" 1744
"C:/Users/wscke/Documents/GitHub/practicum-3/practicum3/Content/Meshes/portaaal/portal_sphere_low.uexp" 1745
"C:/Users/wscke/Documents/GitHub/practicum-3/practicum3/Content/Meshes/portaaal/portal_base_low.ubulk" 1746
"C:/Users/wscke/Documents/GitHub/practicum-3/practicum3/Content/Meshes/portaaal/portal_base_low.uasset" 1747
"C:/Users/wscke/Documents/GitHub/practicum-3/practicum3/Content/Meshes/portaaal/portal_base_low.uexp" 1748
"C:/Users/wscke/Documents/GitHub/practicum-3/practicum3/Content/Meshes/charaters/minion_low.ubulk" 1749
"C:/Users/wscke/Documents/GitHub/practicum-3/practicum3/Content/Meshes/charaters/minion_low.uasset" 1750
"C:/Users/wscke/Documents/GitHub/practicum-3/practicum3/Content/Meshes/charaters/minion_low.uexp" 1751
"C:/Users/wscke/Documents/GitHub/practicum-3/practicum3/Content/Meshes/charaters/CHARATER_DONE.ubulk" 1752
"C:/Users/wscke/Documents/GitHub/practicum-3/practicum3/Content/Meshes/charaters/CHARATER_DONE.uasset" 1753
"C:/Users/wscke/Documents/GitHub/practicum-3/practicum3/Content/Meshes/charaters/CHARATER_DONE.uexp" 1754
"C:/Users/wscke/Documents/GitHub/practicum-3/practicum3/Content/Meshes/brush/_leaves_2.ubulk" 1755
"C:/Users/wscke/Documents/GitHub/practicum-3/practicum3/Content/Meshes/brush/_leaves_2.uasset" 1756
"C:/Users/wscke/Documents/GitHub/practicum-3/practicum3/Content/Meshes/brush/_leaves_2.uexp" 1757
"C:/Users/wscke/Documents/GitHub/practicum-3/practicum3/Content/LevelPrototyping/Textures/T_GridChecker_A.ubulk" 1758
"C:/Users/wscke/Documents/GitHub/practicum-3/practicum3/Content/LevelPrototyping/Textures/T_GridChecker_A.uasset" 1759
"C:/Users/wscke/Documents/GitHub/practicum-3/practicum3/Content/LevelPrototyping/Textures/T_GridChecker_A.uexp" 1760
"../../../Engine/Content/Functions/Engine_MaterialFunctions01/Gradient/LinearGradient.uasset" 1761
"../../../Engine/Content/Functions/Engine_MaterialFunctions01/Gradient/LinearGradient.uexp" 1762
"../../../Engine/Content/Functions/Engine_MaterialFunctions01/ImageAdjustment/CheapContrast.uasset" 1763
"../../../Engine/Content/Functions/Engine_MaterialFunctions01/ImageAdjustment/CheapContrast.uexp" 1764
"C:/Users/wscke/Documents/GitHub/practicum-3/practicum3/Content/LevelPrototyping/Materials/MF_ProcGrid.uasset" 1765
"C:/Users/wscke/Documents/GitHub/practicum-3/practicum3/Content/LevelPrototyping/Materials/MF_ProcGrid.uexp" 1766
"C:/Users/wscke/Documents/GitHub/practicum-3/practicum3/Content/LevelPrototyping/Materials/M_PrototypeGrid.uasset" 1767
"C:/Users/wscke/Documents/GitHub/practicum-3/practicum3/Content/LevelPrototyping/Materials/M_PrototypeGrid.uexp" 1768
"C:/Users/wscke/Documents/GitHub/practicum-3/practicum3/Content/LevelPrototyping/Materials/MI_PrototypeGrid_Gray.uasset" 1769
"C:/Users/wscke/Documents/GitHub/practicum-3/practicum3/Content/LevelPrototyping/Materials/MI_PrototypeGrid_Gray.uexp" 1770
"C:/Users/wscke/Documents/GitHub/practicum-3/practicum3/Content/LevelPrototyping/Meshes/SM_Cylinder.ubulk" 1771
"C:/Users/wscke/Documents/GitHub/practicum-3/practicum3/Content/LevelPrototyping/Meshes/SM_Cylinder.uasset" 1772
"C:/Users/wscke/Documents/GitHub/practicum-3/practicum3/Content/LevelPrototyping/Meshes/SM_Cylinder.uexp" 1773
"C:/Users/wscke/Documents/GitHub/practicum-3/practicum3/Content/LevelPrototyping/Materials/MI_PrototypeGrid_Gray_02.uasset" 1774
"C:/Users/wscke/Documents/GitHub/practicum-3/practicum3/Content/LevelPrototyping/Materials/MI_PrototypeGrid_Gray_02.uexp" 1775
"C:/Users/wscke/Documents/GitHub/practicum-3/practicum3/Content/animation/charater/AB_CharateWAlk.uasset" 1776
"C:/Users/wscke/Documents/GitHub/practicum-3/practicum3/Content/animation/charater/AB_CharateWAlk.uexp" 1777
"C:/Users/wscke/Documents/GitHub/practicum-3/practicum3/Content/AI/tasks/BTT_SetFocus.uasset" 1778
"C:/Users/wscke/Documents/GitHub/practicum-3/practicum3/Content/AI/tasks/BTT_SetFocus.uexp" 1779
"C:/Users/wscke/Documents/GitHub/practicum-3/practicum3/Content/AI/tasks/BTT_lostTarget.uasset" 1780
"C:/Users/wscke/Documents/GitHub/practicum-3/practicum3/Content/AI/tasks/BTT_lostTarget.uexp" 1781
"C:/Users/wscke/Documents/GitHub/practicum-3/practicum3/Content/AI/tasks/BTT_clearFocus.uasset" 1782
"C:/Users/wscke/Documents/GitHub/practicum-3/practicum3/Content/AI/tasks/BTT_clearFocus.uexp" 1783
"C:/Users/wscke/Documents/GitHub/practicum-3/practicum3/Content/AI/Enum/E_inTheMap.uasset" 1784
"C:/Users/wscke/Documents/GitHub/practicum-3/practicum3/Content/AI/Enum/E_inTheMap.uexp" 1785
"../../../Engine/Plugins/Interchange/Runtime/Content/gltf/MaterialFunctions/MF_RotateV2.uasset" 1786
"../../../Engine/Plugins/Interchange/Runtime/Content/gltf/MaterialFunctions/MF_RotateV2.uexp" 1787
"../../../Engine/Plugins/Interchange/Runtime/Content/gltf/MaterialFunctions/MF_TransformUVs.uasset" 1788
"../../../Engine/Plugins/Interchange/Runtime/Content/gltf/MaterialFunctions/MF_TransformUVs.uexp" 1789
"../../../Engine/Plugins/Interchange/Runtime/Content/gltf/Textures/T_White_srgb.uasset" 1790
"../../../Engine/Plugins/Interchange/Runtime/Content/gltf/Textures/T_White_srgb.uexp" 1791
"../../../Engine/Plugins/Interchange/Runtime/Content/gltf/MaterialFunctions/MF_BaseColor.uasset" 1792
"../../../Engine/Plugins/Interchange/Runtime/Content/gltf/MaterialFunctions/MF_BaseColor.uexp" 1793
"../../../Engine/Plugins/Interchange/Runtime/Content/gltf/MaterialBodies/MF_Unlit_Body.uasset" 1794
"../../../Engine/Plugins/Interchange/Runtime/Content/gltf/MaterialBodies/MF_Unlit_Body.uexp" 1795
"../../../Engine/Plugins/Interchange/Runtime/Content/gltf/M_Unlit.uasset" 1796
"../../../Engine/Plugins/Interchange/Runtime/Content/gltf/M_Unlit.uexp" 1797
"../../../Engine/Plugins/Interchange/Runtime/Content/gltf/MaterialInstances/MI_Unlit_Opaque_DS.uasset" 1798
"../../../Engine/Plugins/Interchange/Runtime/Content/gltf/MaterialInstances/MI_Unlit_Opaque_DS.uexp" 1799
"../../../Engine/Plugins/Interchange/Runtime/Content/gltf/MaterialInstances/MI_Unlit_Opaque.uasset" 1800
"../../../Engine/Plugins/Interchange/Runtime/Content/gltf/MaterialInstances/MI_Unlit_Opaque.uexp" 1801
"../../../Engine/Plugins/Interchange/Runtime/Content/gltf/MaterialInstances/MI_Unlit_Mask_DS.uasset" 1802
"../../../Engine/Plugins/Interchange/Runtime/Content/gltf/MaterialInstances/MI_Unlit_Mask_DS.uexp" 1803
"../../../Engine/Plugins/Interchange/Runtime/Content/gltf/MaterialInstances/MI_Unlit_Mask.uasset" 1804
"../../../Engine/Plugins/Interchange/Runtime/Content/gltf/MaterialInstances/MI_Unlit_Mask.uexp" 1805
"../../../Engine/Plugins/Interchange/Runtime/Content/gltf/MaterialInstances/MI_Unlit_Blend_DS.uasset" 1806
"../../../Engine/Plugins/Interchange/Runtime/Content/gltf/MaterialInstances/MI_Unlit_Blend_DS.uexp" 1807
"../../../Engine/Plugins/Interchange/Runtime/Content/gltf/MaterialInstances/MI_Unlit_Blend.uasset" 1808
"../../../Engine/Plugins/Interchange/Runtime/Content/gltf/MaterialInstances/MI_Unlit_Blend.uexp" 1809
"../../../Engine/Plugins/Interchange/Runtime/Content/gltf/MaterialFunctions/MF_Iridescence.uasset" 1810
"../../../Engine/Plugins/Interchange/Runtime/Content/gltf/MaterialFunctions/MF_Iridescence.uexp" 1811
"../../../Engine/Plugins/Interchange/Runtime/Content/gltf/Textures/T_White_Linear.uasset" 1812
"../../../Engine/Plugins/Interchange/Runtime/Content/gltf/Textures/T_White_Linear.uexp" 1813
"../../../Engine/Plugins/Interchange/Runtime/Content/gltf/MaterialFunctions/MF_MetallicRoughness.uasset" 1814
"../../../Engine/Plugins/Interchange/Runtime/Content/gltf/MaterialFunctions/MF_MetallicRoughness.uexp" 1815
"../../../Engine/Plugins/Interchange/Runtime/Content/gltf/MaterialFunctions/MF_Transmission.uasset" 1816
"../../../Engine/Plugins/Interchange/Runtime/Content/gltf/MaterialFunctions/MF_Transmission.uexp" 1817
"../../../Engine/Plugins/Interchange/Runtime/Content/gltf/MaterialFunctions/MF_Occlusion.uasset" 1818
"../../../Engine/Plugins/Interchange/Runtime/Content/gltf/MaterialFunctions/MF_Occlusion.uexp" 1819
"../../../Engine/Plugins/Interchange/Runtime/Content/gltf/MaterialFunctions/MF_Specular.uasset" 1820
"../../../Engine/Plugins/Interchange/Runtime/Content/gltf/MaterialFunctions/MF_Specular.uexp" 1821
"../../../Engine/Plugins/Interchange/Runtime/Content/gltf/MaterialFunctions/MF_IOR.uasset" 1822
"../../../Engine/Plugins/Interchange/Runtime/Content/gltf/MaterialFunctions/MF_IOR.uexp" 1823
"../../../Engine/Plugins/Interchange/Runtime/Content/gltf/MaterialFunctions/MF_RotateNormals_TS.uasset" 1824
"../../../Engine/Plugins/Interchange/Runtime/Content/gltf/MaterialFunctions/MF_RotateNormals_TS.uexp" 1825
"../../../Engine/Plugins/Interchange/Runtime/Content/gltf/Textures/T_Generic_N.uasset" 1826
"../../../Engine/Plugins/Interchange/Runtime/Content/gltf/Textures/T_Generic_N.uexp" 1827
"../../../Engine/Plugins/Interchange/Runtime/Content/gltf/MaterialFunctions/MF_Normals.uasset" 1828
"../../../Engine/Plugins/Interchange/Runtime/Content/gltf/MaterialFunctions/MF_Normals.uexp" 1829
"../../../Engine/Plugins/Interchange/Runtime/Content/gltf/MaterialBodies/MF_Transmission_Body.uasset" 1830
"../../../Engine/Plugins/Interchange/Runtime/Content/gltf/MaterialBodies/MF_Transmission_Body.uexp" 1831
"../../../Engine/Plugins/Interchange/Runtime/Content/gltf/M_Transmission.uasset" 1832
"../../../Engine/Plugins/Interchange/Runtime/Content/gltf/M_Transmission.uexp" 1833
"../../../Engine/Plugins/Interchange/Runtime/Content/gltf/MaterialInstances/MI_Transmission_DS.uasset" 1834
"../../../Engine/Plugins/Interchange/Runtime/Content/gltf/MaterialInstances/MI_Transmission_DS.uexp" 1835
"../../../Engine/Plugins/Interchange/Runtime/Content/gltf/MaterialInstances/MI_Transmission.uasset" 1836
"../../../Engine/Plugins/Interchange/Runtime/Content/gltf/MaterialInstances/MI_Transmission.uexp" 1837
"../../../Engine/Plugins/Interchange/Runtime/Content/gltf/MaterialFunctions/MF_DiffuseSpecGloss.uasset" 1838
"../../../Engine/Plugins/Interchange/Runtime/Content/gltf/MaterialFunctions/MF_DiffuseSpecGloss.uexp" 1839
"../../../Engine/Content/Functions/Engine_MaterialFunctions02/Math/AddComponents.uasset" 1840
"../../../Engine/Content/Functions/Engine_MaterialFunctions02/Math/AddComponents.uexp" 1841
"../../../Engine/Plugins/Interchange/Runtime/Content/gltf/MaterialFunctions/MF_PerceivedBrightness.uasset" 1842
"../../../Engine/Plugins/Interchange/Runtime/Content/gltf/MaterialFunctions/MF_PerceivedBrightness.uexp" 1843
"../../../Engine/Plugins/Interchange/Runtime/Content/gltf/MaterialFunctions/MF_Emissive.uasset" 1844
"../../../Engine/Plugins/Interchange/Runtime/Content/gltf/MaterialFunctions/MF_Emissive.uexp" 1845
"../../../Engine/Plugins/Interchange/Runtime/Content/gltf/MaterialFunctions/MF_SpecGlossToMetalRoughness.uasset" 1846
"../../../Engine/Plugins/Interchange/Runtime/Content/gltf/MaterialFunctions/MF_SpecGlossToMetalRoughness.uexp" 1847
"../../../Engine/Plugins/Interchange/Runtime/Content/gltf/MaterialBodies/MF_SpecularGlossiness_Body.uasset" 1848
"../../../Engine/Plugins/Interchange/Runtime/Content/gltf/MaterialBodies/MF_SpecularGlossiness_Body.uexp" 1849
"../../../Engine/Plugins/Interchange/Runtime/Content/gltf/M_SpecularGlossiness.uasset" 1850
"../../../Engine/Plugins/Interchange/Runtime/Content/gltf/M_SpecularGlossiness.uexp" 1851
"../../../Engine/Plugins/Interchange/Runtime/Content/gltf/MaterialInstances/MI_SpecularGlossiness_Opaque_DS.uasset" 1852
"../../../Engine/Plugins/Interchange/Runtime/Content/gltf/MaterialInstances/MI_SpecularGlossiness_Opaque_DS.uexp" 1853
"../../../Engine/Plugins/Interchange/Runtime/Content/gltf/MaterialInstances/MI_SpecularGlossiness_Opaque.uasset" 1854
"../../../Engine/Plugins/Interchange/Runtime/Content/gltf/MaterialInstances/MI_SpecularGlossiness_Opaque.uexp" 1855
"../../../Engine/Plugins/Interchange/Runtime/Content/gltf/MaterialInstances/MI_SpecularGlossiness_Mask_DS.uasset" 1856
"../../../Engine/Plugins/Interchange/Runtime/Content/gltf/MaterialInstances/MI_SpecularGlossiness_Mask_DS.uexp" 1857
"../../../Engine/Plugins/Interchange/Runtime/Content/gltf/MaterialInstances/MI_SpecularGlossiness_Mask.uasset" 1858
"../../../Engine/Plugins/Interchange/Runtime/Content/gltf/MaterialInstances/MI_SpecularGlossiness_Mask.uexp" 1859
"../../../Engine/Plugins/Interchange/Runtime/Content/gltf/MaterialInstances/MI_SpecularGlossiness_Blend_DS.uasset" 1860
"../../../Engine/Plugins/Interchange/Runtime/Content/gltf/MaterialInstances/MI_SpecularGlossiness_Blend_DS.uexp" 1861
"../../../Engine/Plugins/Interchange/Runtime/Content/gltf/MaterialInstances/MI_SpecularGlossiness_Blend.uasset" 1862
"../../../Engine/Plugins/Interchange/Runtime/Content/gltf/MaterialInstances/MI_SpecularGlossiness_Blend.uexp" 1863
"../../../Engine/Plugins/Interchange/Runtime/Content/gltf/MaterialFunctions/MF_Sheen.uasset" 1864
"../../../Engine/Plugins/Interchange/Runtime/Content/gltf/MaterialFunctions/MF_Sheen.uexp" 1865
"../../../Engine/Plugins/Interchange/Runtime/Content/gltf/MaterialBodies/MF_Sheen_Body.uasset" 1866
"../../../Engine/Plugins/Interchange/Runtime/Content/gltf/MaterialBodies/MF_Sheen_Body.uexp" 1867
"../../../Engine/Plugins/Interchange/Runtime/Content/gltf/M_Sheen.uasset" 1868
"../../../Engine/Plugins/Interchange/Runtime/Content/gltf/M_Sheen.uexp" 1869
"../../../Engine/Plugins/Interchange/Runtime/Content/gltf/MaterialInstances/MI_Sheen_Opaque_DS.uasset" 1870
"../../../Engine/Plugins/Interchange/Runtime/Content/gltf/MaterialInstances/MI_Sheen_Opaque_DS.uexp" 1871
"../../../Engine/Plugins/Interchange/Runtime/Content/gltf/MaterialInstances/MI_Sheen_Opaque.uasset" 1872
"../../../Engine/Plugins/Interchange/Runtime/Content/gltf/MaterialInstances/MI_Sheen_Opaque.uexp" 1873
"../../../Engine/Plugins/Interchange/Runtime/Content/gltf/MaterialInstances/MI_Sheen_Mask_DS.uasset" 1874
"../../../Engine/Plugins/Interchange/Runtime/Content/gltf/MaterialInstances/MI_Sheen_Mask_DS.uexp" 1875
"../../../Engine/Plugins/Interchange/Runtime/Content/gltf/MaterialInstances/MI_Sheen_Mask.uasset" 1876
"../../../Engine/Plugins/Interchange/Runtime/Content/gltf/MaterialInstances/MI_Sheen_Mask.uexp" 1877
"../../../Engine/Plugins/Interchange/Runtime/Content/gltf/MaterialInstances/MI_Sheen_Blend_DS.uasset" 1878
"../../../Engine/Plugins/Interchange/Runtime/Content/gltf/MaterialInstances/MI_Sheen_Blend_DS.uexp" 1879
"../../../Engine/Plugins/Interchange/Runtime/Content/gltf/MaterialInstances/MI_Sheen_Blend.uasset" 1880
"../../../Engine/Plugins/Interchange/Runtime/Content/gltf/MaterialInstances/MI_Sheen_Blend.uexp" 1881
"../../../Engine/Plugins/Interchange/Runtime/Content/gltf/MaterialBodies/MF_Default_Body.uasset" 1882
"../../../Engine/Plugins/Interchange/Runtime/Content/gltf/MaterialBodies/MF_Default_Body.uexp" 1883
"../../../Engine/Plugins/Interchange/Runtime/Content/gltf/M_Default.uasset" 1884
"../../../Engine/Plugins/Interchange/Runtime/Content/gltf/M_Default.uexp" 1885
"../../../Engine/Plugins/Interchange/Runtime/Content/gltf/MaterialInstances/MI_Default_Opaque_DS.uasset" 1886
"../../../Engine/Plugins/Interchange/Runtime/Content/gltf/MaterialInstances/MI_Default_Opaque_DS.uexp" 1887
"../../../Engine/Plugins/Interchange/Runtime/Content/gltf/MaterialInstances/MI_Default_Opaque.uasset" 1888
"../../../Engine/Plugins/Interchange/Runtime/Content/gltf/MaterialInstances/MI_Default_Opaque.uexp" 1889
"../../../Engine/Plugins/Interchange/Runtime/Content/gltf/MaterialInstances/MI_Default_Mask_DS.uasset" 1890
"../../../Engine/Plugins/Interchange/Runtime/Content/gltf/MaterialInstances/MI_Default_Mask_DS.uexp" 1891
"../../../Engine/Plugins/Interchange/Runtime/Content/gltf/MaterialInstances/MI_Default_Mask.uasset" 1892
"../../../Engine/Plugins/Interchange/Runtime/Content/gltf/MaterialInstances/MI_Default_Mask.uexp" 1893
"../../../Engine/Plugins/Interchange/Runtime/Content/gltf/MaterialInstances/MI_Default_Blend_DS.uasset" 1894
"../../../Engine/Plugins/Interchange/Runtime/Content/gltf/MaterialInstances/MI_Default_Blend_DS.uexp" 1895
"../../../Engine/Plugins/Interchange/Runtime/Content/gltf/MaterialInstances/MI_Default_Blend.uasset" 1896
"../../../Engine/Plugins/Interchange/Runtime/Content/gltf/MaterialInstances/MI_Default_Blend.uexp" 1897
"../../../Engine/Content/Functions/Engine_MaterialFunctions01/Texturing/FlattenNormal.uasset" 1898
"../../../Engine/Content/Functions/Engine_MaterialFunctions01/Texturing/FlattenNormal.uexp" 1899
"../../../Engine/Plugins/Interchange/Runtime/Content/gltf/MaterialFunctions/MF_Clearcoat.uasset" 1900
"../../../Engine/Plugins/Interchange/Runtime/Content/gltf/MaterialFunctions/MF_Clearcoat.uexp" 1901
"../../../Engine/Plugins/Interchange/Runtime/Content/gltf/MaterialBodies/MF_ClearCoat_Body.uasset" 1902
"../../../Engine/Plugins/Interchange/Runtime/Content/gltf/MaterialBodies/MF_ClearCoat_Body.uexp" 1903
"../../../Engine/Plugins/Interchange/Runtime/Content/gltf/M_ClearCoat.uasset" 1904
"../../../Engine/Plugins/Interchange/Runtime/Content/gltf/M_ClearCoat.uexp" 1905
"../../../Engine/Plugins/Interchange/Runtime/Content/gltf/MaterialInstances/MI_ClearCoat_Opaque_DS.uasset" 1906
"../../../Engine/Plugins/Interchange/Runtime/Content/gltf/MaterialInstances/MI_ClearCoat_Opaque_DS.uexp" 1907
"../../../Engine/Plugins/Interchange/Runtime/Content/gltf/MaterialInstances/MI_ClearCoat_Opaque.uasset" 1908
"../../../Engine/Plugins/Interchange/Runtime/Content/gltf/MaterialInstances/MI_ClearCoat_Opaque.uexp" 1909
"../../../Engine/Plugins/Interchange/Runtime/Content/gltf/MaterialInstances/MI_ClearCoat_Mask_DS.uasset" 1910
"../../../Engine/Plugins/Interchange/Runtime/Content/gltf/MaterialInstances/MI_ClearCoat_Mask_DS.uexp" 1911
"../../../Engine/Plugins/Interchange/Runtime/Content/gltf/MaterialInstances/MI_ClearCoat_Mask.uasset" 1912
"../../../Engine/Plugins/Interchange/Runtime/Content/gltf/MaterialInstances/MI_ClearCoat_Mask.uexp" 1913
"../../../Engine/Plugins/Interchange/Runtime/Content/gltf/MaterialInstances/MI_ClearCoat_Blend_DS.uasset" 1914
"../../../Engine/Plugins/Interchange/Runtime/Content/gltf/MaterialInstances/MI_ClearCoat_Blend_DS.uexp" 1915
"../../../Engine/Plugins/Interchange/Runtime/Content/gltf/MaterialInstances/MI_ClearCoat_Blend.uasset" 1916
"../../../Engine/Plugins/Interchange/Runtime/Content/gltf/MaterialInstances/MI_ClearCoat_Blend.uexp" 1917
"../../../Engine/Content/MobileResources/HUD/VirtualJoystick_Background.uasset" 1918
"../../../Engine/Content/MobileResources/HUD/VirtualJoystick_Background.uexp" 1919
"../../../Engine/Content/MobileResources/HUD/VirtualJoystick_Thumb.uasset" 1920
"../../../Engine/Content/MobileResources/HUD/VirtualJoystick_Thumb.uexp" 1921
"../../../Engine/Content/MobileResources/HUD/DefaultVirtualJoysticks.uasset" 1922
"../../../Engine/Content/MobileResources/HUD/DefaultVirtualJoysticks.uexp" 1923
"../../../Engine/Content/EngineSky/VolumetricClouds/CloudWeatherTexture.uasset" 1924
"../../../Engine/Content/EngineSky/VolumetricClouds/CloudWeatherTexture.uexp" 1925
"../../../Engine/Content/Functions/Engine_MaterialFunctions02/Utility/MakeFloat2.uasset" 1926
"../../../Engine/Content/Functions/Engine_MaterialFunctions02/Utility/MakeFloat2.uexp" 1927
"../../../Engine/Content/EngineSky/VolumetricClouds/CloudGradientTexture.uasset" 1928
"../../../Engine/Content/EngineSky/VolumetricClouds/CloudGradientTexture.uexp" 1929
"../../../Engine/Content/EngineSky/VolumetricClouds/T_NoiseShape64.ubulk" 1930
"../../../Engine/Content/EngineSky/VolumetricClouds/T_NoiseShape64.uasset" 1931
"../../../Engine/Content/EngineSky/VolumetricClouds/T_NoiseShape64.uexp" 1932
"../../../Engine/Content/EngineSky/VolumetricClouds/T_VolumeNoiseShape64.uasset" 1933
"../../../Engine/Content/EngineSky/VolumetricClouds/T_VolumeNoiseShape64.uexp" 1934
"../../../Engine/Content/EngineSky/VolumetricClouds/T_NoiseErosion.ubulk" 1935
"../../../Engine/Content/EngineSky/VolumetricClouds/T_NoiseErosion.uasset" 1936
"../../../Engine/Content/EngineSky/VolumetricClouds/T_NoiseErosion.uexp" 1937
"../../../Engine/Content/EngineSky/VolumetricClouds/T_VolumeNoiseErosion32.uasset" 1938
"../../../Engine/Content/EngineSky/VolumetricClouds/T_VolumeNoiseErosion32.uexp" 1939
"../../../Engine/Content/EngineSky/VolumetricClouds/m_SimpleVolumetricCloud.uasset" 1940
"../../../Engine/Content/EngineSky/VolumetricClouds/m_SimpleVolumetricCloud.uexp" 1941
"../../../Engine/Content/EngineSky/VolumetricClouds/m_SimpleVolumetricCloud_Inst.uasset" 1942
"../../../Engine/Content/EngineSky/VolumetricClouds/m_SimpleVolumetricCloud_Inst.uexp" 1943
"../../../Engine/Content/EngineResources/FilmGrains/Marcie_Grain_v3_128_M2_000.uasset" 1944
"../../../Engine/Content/EngineResources/FilmGrains/Marcie_Grain_v3_128_M2_000.uexp" 1945
"../../../Engine/Content/EditorResources/SequenceRecorder/RecordingIndicator.uasset" 1946
"../../../Engine/Content/EditorResources/SequenceRecorder/RecordingIndicator.uexp" 1947
"../../../Engine/Content/EditorResources/SequenceRecorder/Countdown.uasset" 1948
"../../../Engine/Content/EditorResources/SequenceRecorder/Countdown.uexp" 1949
"../../../Engine/Content/EditorMaterials/Dataflow/DataflowVertexMaterial.uasset" 1950
"../../../Engine/Content/EditorMaterials/Dataflow/DataflowVertexMaterial.uexp" 1951
"../../../Engine/Content/EngineMaterials/Substrate/Volume/SubstrateSimpleVolumeLUT3D.uasset" 1952
"../../../Engine/Content/EngineMaterials/Substrate/Volume/SubstrateSimpleVolumeLUT3D.uexp" 1953
"../../../Engine/Content/EngineMaterials/Substrate/Volume/SubstrateSimpleVolumeEnvLUT3D.uasset" 1954
"../../../Engine/Content/EngineMaterials/Substrate/Volume/SubstrateSimpleVolumeEnvLUT3D.uexp" 1955
"C:/Users/wscke/Documents/GitHub/practicum-3/practicum3/Content/UI/Widgets/images/Item_Frame_2.uasset" 1956
"C:/Users/wscke/Documents/GitHub/practicum-3/practicum3/Content/UI/Widgets/images/Item_Frame_2.uexp" 1957
"C:/Users/wscke/Documents/GitHub/practicum-3/practicum3/Content/UI/Widgets/images/Border_Gradient.uasset" 1958
"C:/Users/wscke/Documents/GitHub/practicum-3/practicum3/Content/UI/Widgets/images/Border_Gradient.uexp" 1959
"C:/Users/wscke/Documents/GitHub/practicum-3/practicum3/Content/texures/T_AttackSphere/T_AttackSphere/AttackSphere_M_Sphere_1_OcclusionRoughnessMetallic.ubulk" 1960
"C:/Users/wscke/Documents/GitHub/practicum-3/practicum3/Content/texures/T_AttackSphere/T_AttackSphere/AttackSphere_M_Sphere_1_OcclusionRoughnessMetallic.uasset" 1961
"C:/Users/wscke/Documents/GitHub/practicum-3/practicum3/Content/texures/T_AttackSphere/T_AttackSphere/AttackSphere_M_Sphere_1_OcclusionRoughnessMetallic.uexp" 1962
"C:/Users/wscke/Documents/GitHub/practicum-3/practicum3/Content/texures/T_AttackSphere/T_AttackSphere/AttackSphere_M_Sphere_1_Normal.ubulk" 1963
"C:/Users/wscke/Documents/GitHub/practicum-3/practicum3/Content/texures/T_AttackSphere/T_AttackSphere/AttackSphere_M_Sphere_1_Normal.uasset" 1964
"C:/Users/wscke/Documents/GitHub/practicum-3/practicum3/Content/texures/T_AttackSphere/T_AttackSphere/AttackSphere_M_Sphere_1_Normal.uexp" 1965
"C:/Users/wscke/Documents/GitHub/practicum-3/practicum3/Content/texures/T_AttackSphere/T_AttackSphere/AttackSphere_M_Sphere_1_Emissive.ubulk" 1966
"C:/Users/wscke/Documents/GitHub/practicum-3/practicum3/Content/texures/T_AttackSphere/T_AttackSphere/AttackSphere_M_Sphere_1_Emissive.uasset" 1967
"C:/Users/wscke/Documents/GitHub/practicum-3/practicum3/Content/texures/T_AttackSphere/T_AttackSphere/AttackSphere_M_Sphere_1_Emissive.uexp" 1968
"C:/Users/wscke/Documents/GitHub/practicum-3/practicum3/Content/texures/T_AttackSphere/T_AttackSphere/AttackSphere_M_Sphere_1_BaseColor.ubulk" 1969
"C:/Users/wscke/Documents/GitHub/practicum-3/practicum3/Content/texures/T_AttackSphere/T_AttackSphere/AttackSphere_M_Sphere_1_BaseColor.uasset" 1970
"C:/Users/wscke/Documents/GitHub/practicum-3/practicum3/Content/texures/T_AttackSphere/T_AttackSphere/AttackSphere_M_Sphere_1_BaseColor.uexp" 1971
"C:/Users/wscke/Documents/GitHub/practicum-3/practicum3/Content/texures/T_AttackSphere/T_AttackSphere/AttackSphere_M_Rings_OcclusionRoughnessMetallic.ubulk" 1972
"C:/Users/wscke/Documents/GitHub/practicum-3/practicum3/Content/texures/T_AttackSphere/T_AttackSphere/AttackSphere_M_Rings_OcclusionRoughnessMetallic.uasset" 1973
"C:/Users/wscke/Documents/GitHub/practicum-3/practicum3/Content/texures/T_AttackSphere/T_AttackSphere/AttackSphere_M_Rings_OcclusionRoughnessMetallic.uexp" 1974
"C:/Users/wscke/Documents/GitHub/practicum-3/practicum3/Content/texures/T_AttackSphere/T_AttackSphere/AttackSphere_M_Rings_Normal.ubulk" 1975
"C:/Users/wscke/Documents/GitHub/practicum-3/practicum3/Content/texures/T_AttackSphere/T_AttackSphere/AttackSphere_M_Rings_Normal.uasset" 1976
"C:/Users/wscke/Documents/GitHub/practicum-3/practicum3/Content/texures/T_AttackSphere/T_AttackSphere/AttackSphere_M_Rings_Normal.uexp" 1977
"C:/Users/wscke/Documents/GitHub/practicum-3/practicum3/Content/texures/T_AttackSphere/T_AttackSphere/AttackSphere_M_Rings_Emissive.ubulk" 1978
"C:/Users/wscke/Documents/GitHub/practicum-3/practicum3/Content/texures/T_AttackSphere/T_AttackSphere/AttackSphere_M_Rings_Emissive.uasset" 1979
"C:/Users/wscke/Documents/GitHub/practicum-3/practicum3/Content/texures/T_AttackSphere/T_AttackSphere/AttackSphere_M_Rings_Emissive.uexp" 1980
"C:/Users/wscke/Documents/GitHub/practicum-3/practicum3/Content/texures/T_AttackSphere/T_AttackSphere/AttackSphere_M_Rings_BaseColor.ubulk" 1981
"C:/Users/wscke/Documents/GitHub/practicum-3/practicum3/Content/texures/T_AttackSphere/T_AttackSphere/AttackSphere_M_Rings_BaseColor.uasset" 1982
"C:/Users/wscke/Documents/GitHub/practicum-3/practicum3/Content/texures/T_AttackSphere/T_AttackSphere/AttackSphere_M_Rings_BaseColor.uexp" 1983
"C:/Users/wscke/Documents/GitHub/practicum-3/practicum3/Content/Meshes/trappingAreas-paths/portal/portal_torus_2_low.ubulk" 1984
"C:/Users/wscke/Documents/GitHub/practicum-3/practicum3/Content/Meshes/trappingAreas-paths/portal/portal_torus_2_low.uasset" 1985
"C:/Users/wscke/Documents/GitHub/practicum-3/practicum3/Content/Meshes/trappingAreas-paths/portal/portal_torus_2_low.uexp" 1986
"C:/Users/wscke/Documents/GitHub/practicum-3/practicum3/Content/GameMaster/Spawner/ProofofConcept/BP_Spawner.uasset" 1987
"C:/Users/wscke/Documents/GitHub/practicum-3/practicum3/Content/GameMaster/Spawner/ProofofConcept/BP_Spawner.uexp" 1988
"C:/Users/wscke/Documents/GitHub/practicum-3/practicum3/Content/Characters/Mannequin_UE4/Rigs/RTG_UE5Manny_UE4Manny.uasset" 1989
"C:/Users/wscke/Documents/GitHub/practicum-3/practicum3/Content/Characters/Mannequin_UE4/Rigs/RTG_UE5Manny_UE4Manny.uexp" 1990
"C:/Users/wscke/Documents/GitHub/practicum-3/practicum3/Content/Characters/Mannequin_UE4/Rigs/RTG_UE4Manny_UE5Manny.uasset" 1991
"C:/Users/wscke/Documents/GitHub/practicum-3/practicum3/Content/Characters/Mannequin_UE4/Rigs/RTG_UE4Manny_UE5Manny.uexp" 1992
"C:/Users/wscke/Documents/GitHub/practicum-3/practicum3/Content/Characters/Mannequin_UE4/Rigs/IK_UE4_Mannequin.uasset" 1993
"C:/Users/wscke/Documents/GitHub/practicum-3/practicum3/Content/Characters/Mannequin_UE4/Rigs/IK_UE4_Mannequin.uexp" 1994
"C:/Users/wscke/Documents/GitHub/practicum-3/practicum3/Content/Characters/Mannequin_UE4/Textures/T_UELogo_N_TGA.ubulk" 1995
"C:/Users/wscke/Documents/GitHub/practicum-3/practicum3/Content/Characters/Mannequin_UE4/Textures/T_UELogo_N_TGA.uasset" 1996
"C:/Users/wscke/Documents/GitHub/practicum-3/practicum3/Content/Characters/Mannequin_UE4/Textures/T_UELogo_N_TGA.uexp" 1997
"C:/Users/wscke/Documents/GitHub/practicum-3/practicum3/Content/Characters/Mannequin_UE4/Textures/T_UE4_Mannequin__normals.ubulk" 1998
"C:/Users/wscke/Documents/GitHub/practicum-3/practicum3/Content/Characters/Mannequin_UE4/Textures/T_UE4_Mannequin__normals.uasset" 1999
"C:/Users/wscke/Documents/GitHub/practicum-3/practicum3/Content/Characters/Mannequin_UE4/Textures/T_UE4_Mannequin__normals.uexp" 2000
"C:/Users/wscke/Documents/GitHub/practicum-3/practicum3/Content/Characters/Mannequin_UE4/Materials/Layers/ML_ShinyPlastic_Beige.uasset" 2001
"C:/Users/wscke/Documents/GitHub/practicum-3/practicum3/Content/Characters/Mannequin_UE4/Materials/Layers/ML_ShinyPlastic_Beige.uexp" 2002
"../../../Engine/Content/Functions/Engine_MaterialFunctions02/Utility/BlendAngleCorrectedNormals.uasset" 2003
"../../../Engine/Content/Functions/Engine_MaterialFunctions02/Utility/BlendAngleCorrectedNormals.uexp" 2004
"../../../Engine/Content/Functions/MaterialLayerFunctions/MatLayerBlend_NormalBlend.uasset" 2005
"../../../Engine/Content/Functions/MaterialLayerFunctions/MatLayerBlend_NormalBlend.uexp" 2006
"C:/Users/wscke/Documents/GitHub/practicum-3/practicum3/Content/Characters/Mannequin_UE4/Textures/T_UELogo_Mask.ubulk" 2007
"C:/Users/wscke/Documents/GitHub/practicum-3/practicum3/Content/Characters/Mannequin_UE4/Textures/T_UELogo_Mask.uasset" 2008
"C:/Users/wscke/Documents/GitHub/practicum-3/practicum3/Content/Characters/Mannequin_UE4/Textures/T_UELogo_Mask.uexp" 2009
"C:/Users/wscke/Documents/GitHub/practicum-3/practicum3/Content/Characters/Mannequin_UE4/Materials/Layers/ML_ShinyPlastic_Beige_Logo.uasset" 2010
"C:/Users/wscke/Documents/GitHub/practicum-3/practicum3/Content/Characters/Mannequin_UE4/Materials/Layers/ML_ShinyPlastic_Beige_Logo.uexp" 2011
"C:/Users/wscke/Documents/GitHub/practicum-3/practicum3/Content/Characters/Mannequin_UE4/Textures/T_UE4_Mannequin_MAT_MASKA.ubulk" 2012
"C:/Users/wscke/Documents/GitHub/practicum-3/practicum3/Content/Characters/Mannequin_UE4/Textures/T_UE4_Mannequin_MAT_MASKA.uasset" 2013
"C:/Users/wscke/Documents/GitHub/practicum-3/practicum3/Content/Characters/Mannequin_UE4/Textures/T_UE4_Mannequin_MAT_MASKA.uexp" 2014
"C:/Users/wscke/Documents/GitHub/practicum-3/practicum3/Content/Characters/Mannequin_UE4/Textures/T_ML_Aluminum01_N.ubulk" 2015
"C:/Users/wscke/Documents/GitHub/practicum-3/practicum3/Content/Characters/Mannequin_UE4/Textures/T_ML_Aluminum01_N.uasset" 2016
"C:/Users/wscke/Documents/GitHub/practicum-3/practicum3/Content/Characters/Mannequin_UE4/Textures/T_ML_Aluminum01_N.uexp" 2017
"C:/Users/wscke/Documents/GitHub/practicum-3/practicum3/Content/Characters/Mannequin_UE4/Textures/T_ML_Aluminum01.ubulk" 2018
"C:/Users/wscke/Documents/GitHub/practicum-3/practicum3/Content/Characters/Mannequin_UE4/Textures/T_ML_Aluminum01.uasset" 2019
"C:/Users/wscke/Documents/GitHub/practicum-3/practicum3/Content/Characters/Mannequin_UE4/Textures/T_ML_Aluminum01.uexp" 2020
"C:/Users/wscke/Documents/GitHub/practicum-3/practicum3/Content/Characters/Mannequin_UE4/Materials/Layers/ML_SoftMetal.uasset" 2021
"C:/Users/wscke/Documents/GitHub/practicum-3/practicum3/Content/Characters/Mannequin_UE4/Materials/Layers/ML_SoftMetal.uexp" 2022
"../../../Engine/Content/Functions/MaterialLayerFunctions/MatLayerBlend_Simple.uasset" 2023
"../../../Engine/Content/Functions/MaterialLayerFunctions/MatLayerBlend_Simple.uexp" 2024
"C:/Users/wscke/Documents/GitHub/practicum-3/practicum3/Content/Characters/Mannequin_UE4/Textures/T_ML_Rubber_Blue_01_N.ubulk" 2025
"C:/Users/wscke/Documents/GitHub/practicum-3/practicum3/Content/Characters/Mannequin_UE4/Textures/T_ML_Rubber_Blue_01_N.uasset" 2026
"C:/Users/wscke/Documents/GitHub/practicum-3/practicum3/Content/Characters/Mannequin_UE4/Textures/T_ML_Rubber_Blue_01_N.uexp" 2027
"C:/Users/wscke/Documents/GitHub/practicum-3/practicum3/Content/Characters/Mannequin_UE4/Textures/T_ML_Rubber_Blue_01_D.ubulk" 2028
"C:/Users/wscke/Documents/GitHub/practicum-3/practicum3/Content/Characters/Mannequin_UE4/Textures/T_ML_Rubber_Blue_01_D.uasset" 2029
"C:/Users/wscke/Documents/GitHub/practicum-3/practicum3/Content/Characters/Mannequin_UE4/Textures/T_ML_Rubber_Blue_01_D.uexp" 2030
"C:/Users/wscke/Documents/GitHub/practicum-3/practicum3/Content/Characters/Mannequin_UE4/Materials/Layers/ML_Latex_Black.uasset" 2031
"C:/Users/wscke/Documents/GitHub/practicum-3/practicum3/Content/Characters/Mannequin_UE4/Materials/Layers/ML_Latex_Black.uexp" 2032
"C:/Users/wscke/Documents/GitHub/practicum-3/practicum3/Content/Characters/Mannequin_UE4/Materials/M_MannequinUE4_Body.uasset" 2033
"C:/Users/wscke/Documents/GitHub/practicum-3/practicum3/Content/Characters/Mannequin_UE4/Materials/M_MannequinUE4_Body.uexp" 2034
"C:/Users/wscke/Documents/GitHub/practicum-3/practicum3/Content/Characters/Mannequin_UE4/Materials/M_MannequinUE4_ChestLogo.uasset" 2035
"C:/Users/wscke/Documents/GitHub/practicum-3/practicum3/Content/Characters/Mannequin_UE4/Materials/M_MannequinUE4_ChestLogo.uexp" 2036
"C:/Users/wscke/Documents/GitHub/practicum-3/practicum3/Content/Characters/Mannequin_UE4/Meshes/SK_Mannequin_PhysicsAsset.uasset" 2037
"C:/Users/wscke/Documents/GitHub/practicum-3/practicum3/Content/Characters/Mannequin_UE4/Meshes/SK_Mannequin_PhysicsAsset.uexp" 2038
"C:/Users/wscke/Documents/GitHub/practicum-3/practicum3/Content/Characters/Mannequin_UE4/Meshes/SK_Mannequin_Skeleton.uasset" 2039
"C:/Users/wscke/Documents/GitHub/practicum-3/practicum3/Content/Characters/Mannequin_UE4/Meshes/SK_Mannequin_Skeleton.uexp" 2040
"C:/Users/wscke/Documents/GitHub/practicum-3/practicum3/Content/Characters/Mannequin_UE4/Meshes/SK_Mannequin.uasset" 2041
"C:/Users/wscke/Documents/GitHub/practicum-3/practicum3/Content/Characters/Mannequin_UE4/Meshes/SK_Mannequin.uexp" 2042
"C:/Users/wscke/Documents/GitHub/practicum-3/practicum3/Content/Characters/Mannequin_UE4/Animations/Jog_Fwd.uasset" 2043
"C:/Users/wscke/Documents/GitHub/practicum-3/practicum3/Content/Characters/Mannequin_UE4/Animations/Jog_Fwd.uexp" 2044
"C:/Users/wscke/Documents/GitHub/practicum-3/practicum3/Content/Characters/Mannequins/Rigs/RTG_Mannequin.uasset" 2045
"C:/Users/wscke/Documents/GitHub/practicum-3/practicum3/Content/Characters/Mannequins/Rigs/RTG_Mannequin.uexp" 2046
"C:/Users/wscke/Documents/GitHub/practicum-3/practicum3/Content/Characters/Mannequins/Rigs/IK_Mannequin.uasset" 2047
"C:/Users/wscke/Documents/GitHub/practicum-3/practicum3/Content/Characters/Mannequins/Rigs/IK_Mannequin.uexp" 2048
"../../../Engine/Plugins/Animation/ControlRig/Content/Controls/DefaultGizmoLibraryNormalized.uasset" 2049
"../../../Engine/Plugins/Animation/ControlRig/Content/Controls/DefaultGizmoLibraryNormalized.uexp" 2050
"C:/Users/wscke/Documents/GitHub/practicum-3/practicum3/Content/Characters/Mannequins/Rigs/CR_Mannequin_Body.uasset" 2051
"C:/Users/wscke/Documents/GitHub/practicum-3/practicum3/Content/Characters/Mannequins/Rigs/CR_Mannequin_Body.uexp" 2052
"C:/Users/wscke/Documents/GitHub/practicum-3/practicum3/Content/Characters/Mannequins/Rigs/Poses/Quinn/Quinn_foot_l_anim.uasset" 2053
"C:/Users/wscke/Documents/GitHub/practicum-3/practicum3/Content/Characters/Mannequins/Rigs/Poses/Quinn/Quinn_foot_l_anim.uexp" 2054
"C:/Users/wscke/Documents/GitHub/practicum-3/practicum3/Content/Characters/Mannequins/Rigs/Poses/Quinn/Quinn_foot_l_pose.uasset" 2055
"C:/Users/wscke/Documents/GitHub/practicum-3/practicum3/Content/Characters/Mannequins/Rigs/Poses/Quinn/Quinn_foot_l_pose.uexp" 2056
"C:/Users/wscke/Documents/GitHub/practicum-3/practicum3/Content/Characters/Mannequins/Rigs/Poses/Quinn/Quinn_clavicle_l_anim.uasset" 2057
"C:/Users/wscke/Documents/GitHub/practicum-3/practicum3/Content/Characters/Mannequins/Rigs/Poses/Quinn/Quinn_clavicle_l_anim.uexp" 2058
"C:/Users/wscke/Documents/GitHub/practicum-3/practicum3/Content/Characters/Mannequins/Rigs/Poses/Quinn/Quinn_clavicle_l_pose.uasset" 2059
"C:/Users/wscke/Documents/GitHub/practicum-3/practicum3/Content/Characters/Mannequins/Rigs/Poses/Quinn/Quinn_clavicle_l_pose.uexp" 2060
"C:/Users/wscke/Documents/GitHub/practicum-3/practicum3/Content/Characters/Mannequins/Rigs/Poses/Quinn/Quinn_clavicle_r_anim.uasset" 2061
"C:/Users/wscke/Documents/GitHub/practicum-3/practicum3/Content/Characters/Mannequins/Rigs/Poses/Quinn/Quinn_clavicle_r_anim.uexp" 2062
"C:/Users/wscke/Documents/GitHub/practicum-3/practicum3/Content/Characters/Mannequins/Rigs/Poses/Quinn/Quinn_clavicle_r_pose.uasset" 2063
"C:/Users/wscke/Documents/GitHub/practicum-3/practicum3/Content/Characters/Mannequins/Rigs/Poses/Quinn/Quinn_clavicle_r_pose.uexp" 2064
"C:/Users/wscke/Documents/GitHub/practicum-3/practicum3/Content/Characters/Mannequins/Rigs/Poses/Quinn/Quinn_upperarm_l_anim.uasset" 2065
"C:/Users/wscke/Documents/GitHub/practicum-3/practicum3/Content/Characters/Mannequins/Rigs/Poses/Quinn/Quinn_upperarm_l_anim.uexp" 2066
"C:/Users/wscke/Documents/GitHub/practicum-3/practicum3/Content/Characters/Mannequins/Rigs/Poses/Quinn/Quinn_upperarm_l_pose.uasset" 2067
"C:/Users/wscke/Documents/GitHub/practicum-3/practicum3/Content/Characters/Mannequins/Rigs/Poses/Quinn/Quinn_upperarm_l_pose.uexp" 2068
"C:/Users/wscke/Documents/GitHub/practicum-3/practicum3/Content/Characters/Mannequins/Rigs/Poses/Quinn/Quinn_lowerarm_l_anim.uasset" 2069
"C:/Users/wscke/Documents/GitHub/practicum-3/practicum3/Content/Characters/Mannequins/Rigs/Poses/Quinn/Quinn_lowerarm_l_anim.uexp" 2070
"C:/Users/wscke/Documents/GitHub/practicum-3/practicum3/Content/Characters/Mannequins/Rigs/Poses/Quinn/Quinn_lowerarm_l_pose.uasset" 2071
"C:/Users/wscke/Documents/GitHub/practicum-3/practicum3/Content/Characters/Mannequins/Rigs/Poses/Quinn/Quinn_lowerarm_l_pose.uexp" 2072
"C:/Users/wscke/Documents/GitHub/practicum-3/practicum3/Content/Characters/Mannequins/Rigs/Poses/Quinn/Quinn_calf_l_anim.uasset" 2073
"C:/Users/wscke/Documents/GitHub/practicum-3/practicum3/Content/Characters/Mannequins/Rigs/Poses/Quinn/Quinn_calf_l_anim.uexp" 2074
"C:/Users/wscke/Documents/GitHub/practicum-3/practicum3/Content/Characters/Mannequins/Rigs/Poses/Quinn/Quinn_calf_l_pose.uasset" 2075
"C:/Users/wscke/Documents/GitHub/practicum-3/practicum3/Content/Characters/Mannequins/Rigs/Poses/Quinn/Quinn_calf_l_pose.uexp" 2076
"C:/Users/wscke/Documents/GitHub/practicum-3/practicum3/Content/Characters/Mannequins/Rigs/CR_Mannequin_Procedural.uasset" 2077
"C:/Users/wscke/Documents/GitHub/practicum-3/practicum3/Content/Characters/Mannequins/Rigs/CR_Mannequin_Procedural.uexp" 2078
"C:/Users/wscke/Documents/GitHub/practicum-3/practicum3/Content/Characters/Mannequins/Rigs/Poses/Quinn/Quinn_upperarm_r_anim.uasset" 2079
"C:/Users/wscke/Documents/GitHub/practicum-3/practicum3/Content/Characters/Mannequins/Rigs/Poses/Quinn/Quinn_upperarm_r_anim.uexp" 2080
"C:/Users/wscke/Documents/GitHub/practicum-3/practicum3/Content/Characters/Mannequins/Rigs/Poses/Quinn/Quinn_upperarm_r_pose.uasset" 2081
"C:/Users/wscke/Documents/GitHub/practicum-3/practicum3/Content/Characters/Mannequins/Rigs/Poses/Quinn/Quinn_upperarm_r_pose.uexp" 2082
"C:/Users/wscke/Documents/GitHub/practicum-3/practicum3/Content/Characters/Mannequins/Rigs/Poses/Quinn/Quinn_calf_r_anim.uasset" 2083
"C:/Users/wscke/Documents/GitHub/practicum-3/practicum3/Content/Characters/Mannequins/Rigs/Poses/Quinn/Quinn_calf_r_anim.uexp" 2084
"C:/Users/wscke/Documents/GitHub/practicum-3/practicum3/Content/Characters/Mannequins/Rigs/Poses/Quinn/Quinn_calf_r_pose.uasset" 2085
"C:/Users/wscke/Documents/GitHub/practicum-3/practicum3/Content/Characters/Mannequins/Rigs/Poses/Quinn/Quinn_calf_r_pose.uexp" 2086
"C:/Users/wscke/Documents/GitHub/practicum-3/practicum3/Content/Characters/Mannequins/Rigs/Poses/Quinn/Quinn_foot_r_anim.uasset" 2087
"C:/Users/wscke/Documents/GitHub/practicum-3/practicum3/Content/Characters/Mannequins/Rigs/Poses/Quinn/Quinn_foot_r_anim.uexp" 2088
"C:/Users/wscke/Documents/GitHub/practicum-3/practicum3/Content/Characters/Mannequins/Rigs/Poses/Quinn/Quinn_foot_r_pose.uasset" 2089
"C:/Users/wscke/Documents/GitHub/practicum-3/practicum3/Content/Characters/Mannequins/Rigs/Poses/Quinn/Quinn_foot_r_pose.uexp" 2090
"C:/Users/wscke/Documents/GitHub/practicum-3/practicum3/Content/Characters/Mannequins/Rigs/Poses/Quinn/Quinn_lowerarm_r_anim.uasset" 2091
"C:/Users/wscke/Documents/GitHub/practicum-3/practicum3/Content/Characters/Mannequins/Rigs/Poses/Quinn/Quinn_lowerarm_r_anim.uexp" 2092
"C:/Users/wscke/Documents/GitHub/practicum-3/practicum3/Content/Characters/Mannequins/Rigs/Poses/Quinn/Quinn_lowerarm_r_pose.uasset" 2093
"C:/Users/wscke/Documents/GitHub/practicum-3/practicum3/Content/Characters/Mannequins/Rigs/Poses/Quinn/Quinn_lowerarm_r_pose.uexp" 2094
"C:/Users/wscke/Documents/GitHub/practicum-3/practicum3/Content/Characters/Mannequins/Rigs/Poses/Quinn/Quinn_thigh_l_anim.uasset" 2095
"C:/Users/wscke/Documents/GitHub/practicum-3/practicum3/Content/Characters/Mannequins/Rigs/Poses/Quinn/Quinn_thigh_l_anim.uexp" 2096
"C:/Users/wscke/Documents/GitHub/practicum-3/practicum3/Content/Characters/Mannequins/Rigs/Poses/Quinn/Quinn_thigh_l_pose.uasset" 2097
"C:/Users/wscke/Documents/GitHub/practicum-3/practicum3/Content/Characters/Mannequins/Rigs/Poses/Quinn/Quinn_thigh_l_pose.uexp" 2098
"C:/Users/wscke/Documents/GitHub/practicum-3/practicum3/Content/Characters/Mannequins/Rigs/Poses/Quinn/Quinn_thigh_r_anim.uasset" 2099
"C:/Users/wscke/Documents/GitHub/practicum-3/practicum3/Content/Characters/Mannequins/Rigs/Poses/Quinn/Quinn_thigh_r_anim.uexp" 2100
"C:/Users/wscke/Documents/GitHub/practicum-3/practicum3/Content/Characters/Mannequins/Rigs/Poses/Quinn/Quinn_thigh_r_pose.uasset" 2101
"C:/Users/wscke/Documents/GitHub/practicum-3/practicum3/Content/Characters/Mannequins/Rigs/Poses/Quinn/Quinn_thigh_r_pose.uexp" 2102
"C:/Users/wscke/Documents/GitHub/practicum-3/practicum3/Content/Characters/Mannequins/Rigs/Poses/Quinn/Quinn_hand_l_anim.uasset" 2103
"C:/Users/wscke/Documents/GitHub/practicum-3/practicum3/Content/Characters/Mannequins/Rigs/Poses/Quinn/Quinn_hand_l_anim.uexp" 2104
"C:/Users/wscke/Documents/GitHub/practicum-3/practicum3/Content/Characters/Mannequins/Rigs/Poses/Quinn/Quinn_hand_l_pose.uasset" 2105
"C:/Users/wscke/Documents/GitHub/practicum-3/practicum3/Content/Characters/Mannequins/Rigs/Poses/Quinn/Quinn_hand_l_pose.uexp" 2106
"C:/Users/wscke/Documents/GitHub/practicum-3/practicum3/Content/Characters/Mannequins/Rigs/Poses/Quinn/Quinn_hand_r_anim.uasset" 2107
"C:/Users/wscke/Documents/GitHub/practicum-3/practicum3/Content/Characters/Mannequins/Rigs/Poses/Quinn/Quinn_hand_r_anim.uexp" 2108
"C:/Users/wscke/Documents/GitHub/practicum-3/practicum3/Content/Characters/Mannequins/Rigs/Poses/Quinn/Quinn_hand_r_pose.uasset" 2109
"C:/Users/wscke/Documents/GitHub/practicum-3/practicum3/Content/Characters/Mannequins/Rigs/Poses/Quinn/Quinn_hand_r_pose.uexp" 2110
"C:/Users/wscke/Documents/GitHub/practicum-3/practicum3/Content/Characters/Mannequins/Rigs/ABP_Quinn_PostProcess.uasset" 2111
"C:/Users/wscke/Documents/GitHub/practicum-3/practicum3/Content/Characters/Mannequins/Rigs/ABP_Quinn_PostProcess.uexp" 2112
"C:/Users/wscke/Documents/GitHub/practicum-3/practicum3/Content/Characters/Mannequins/Meshes/SKM_Quinn.uasset" 2113
"C:/Users/wscke/Documents/GitHub/practicum-3/practicum3/Content/Characters/Mannequins/Meshes/SKM_Quinn.uexp" 2114
"C:/Users/wscke/Documents/GitHub/practicum-3/practicum3/Content/Characters/Mannequins/Textures/Manny/T_Manny_02_MSR_MSK.ubulk" 2115
"C:/Users/wscke/Documents/GitHub/practicum-3/practicum3/Content/Characters/Mannequins/Textures/Manny/T_Manny_02_MSR_MSK.uasset" 2116
"C:/Users/wscke/Documents/GitHub/practicum-3/practicum3/Content/Characters/Mannequins/Textures/Manny/T_Manny_02_MSR_MSK.uexp" 2117
"C:/Users/wscke/Documents/GitHub/practicum-3/practicum3/Content/Characters/Mannequins/Textures/Manny/T_Manny_02_CCRCCPlastic_MSK.ubulk" 2118
"C:/Users/wscke/Documents/GitHub/practicum-3/practicum3/Content/Characters/Mannequins/Textures/Manny/T_Manny_02_CCRCCPlastic_MSK.uasset" 2119
"C:/Users/wscke/Documents/GitHub/practicum-3/practicum3/Content/Characters/Mannequins/Textures/Manny/T_Manny_02_CCRCCPlastic_MSK.uexp" 2120
"C:/Users/wscke/Documents/GitHub/practicum-3/practicum3/Content/Characters/Mannequins/Textures/Manny/T_Manny_02_Tan.ubulk" 2121
"C:/Users/wscke/Documents/GitHub/practicum-3/practicum3/Content/Characters/Mannequins/Textures/Manny/T_Manny_02_Tan.uasset" 2122
"C:/Users/wscke/Documents/GitHub/practicum-3/practicum3/Content/Characters/Mannequins/Textures/Manny/T_Manny_02_Tan.uexp" 2123
"C:/Users/wscke/Documents/GitHub/practicum-3/practicum3/Content/Characters/Mannequins/Textures/Manny/T_Manny_02_N.ubulk" 2124
"C:/Users/wscke/Documents/GitHub/practicum-3/practicum3/Content/Characters/Mannequins/Textures/Manny/T_Manny_02_N.uasset" 2125
"C:/Users/wscke/Documents/GitHub/practicum-3/practicum3/Content/Characters/Mannequins/Textures/Manny/T_Manny_02_N.uexp" 2126
"C:/Users/wscke/Documents/GitHub/practicum-3/practicum3/Content/Characters/Mannequins/Materials/Instances/Manny/MI_Manny_01.uasset" 2127
"C:/Users/wscke/Documents/GitHub/practicum-3/practicum3/Content/Characters/Mannequins/Materials/Instances/Manny/MI_Manny_01.uexp" 2128
"C:/Users/wscke/Documents/GitHub/practicum-3/practicum3/Content/Characters/Mannequins/Textures/Manny/T_Manny_02_BN.ubulk" 2129
"C:/Users/wscke/Documents/GitHub/practicum-3/practicum3/Content/Characters/Mannequins/Textures/Manny/T_Manny_02_BN.uasset" 2130
"C:/Users/wscke/Documents/GitHub/practicum-3/practicum3/Content/Characters/Mannequins/Textures/Manny/T_Manny_02_BN.uexp" 2131
"C:/Users/wscke/Documents/GitHub/practicum-3/practicum3/Content/Characters/Mannequins/Textures/Manny/T_Manny_02_ASAOPMASK_MSK.ubulk" 2132
"C:/Users/wscke/Documents/GitHub/practicum-3/practicum3/Content/Characters/Mannequins/Textures/Manny/T_Manny_02_ASAOPMASK_MSK.uasset" 2133
"C:/Users/wscke/Documents/GitHub/practicum-3/practicum3/Content/Characters/Mannequins/Textures/Manny/T_Manny_02_ASAOPMASK_MSK.uexp" 2134
"C:/Users/wscke/Documents/GitHub/practicum-3/practicum3/Content/Characters/Mannequins/Textures/Manny/T_Manny_02_D.ubulk" 2135
"C:/Users/wscke/Documents/GitHub/practicum-3/practicum3/Content/Characters/Mannequins/Textures/Manny/T_Manny_02_D.uasset" 2136
"C:/Users/wscke/Documents/GitHub/practicum-3/practicum3/Content/Characters/Mannequins/Textures/Manny/T_Manny_02_D.uexp" 2137
"C:/Users/wscke/Documents/GitHub/practicum-3/practicum3/Content/Characters/Mannequins/Materials/Instances/Manny/MI_Manny_02.uasset" 2138
"C:/Users/wscke/Documents/GitHub/practicum-3/practicum3/Content/Characters/Mannequins/Materials/Instances/Manny/MI_Manny_02.uexp" 2139
"C:/Users/wscke/Documents/GitHub/practicum-3/practicum3/Content/Characters/Mannequins/Meshes/SKM_Manny_Simple.uasset" 2140
"C:/Users/wscke/Documents/GitHub/practicum-3/practicum3/Content/Characters/Mannequins/Meshes/SKM_Manny_Simple.uexp" 2141
"C:/Users/wscke/Documents/GitHub/practicum-3/practicum3/Content/Characters/Mannequins/Rigs/Poses/Manny/Manny_foot_l_anim.uasset" 2142
"C:/Users/wscke/Documents/GitHub/practicum-3/practicum3/Content/Characters/Mannequins/Rigs/Poses/Manny/Manny_foot_l_anim.uexp" 2143
"C:/Users/wscke/Documents/GitHub/practicum-3/practicum3/Content/Characters/Mannequins/Rigs/Poses/Manny/Manny_foot_l_pose.uasset" 2144
"C:/Users/wscke/Documents/GitHub/practicum-3/practicum3/Content/Characters/Mannequins/Rigs/Poses/Manny/Manny_foot_l_pose.uexp" 2145
"C:/Users/wscke/Documents/GitHub/practicum-3/practicum3/Content/Characters/Mannequins/Rigs/Poses/Manny/Manny_thigh_r_anim.uasset" 2146
"C:/Users/wscke/Documents/GitHub/practicum-3/practicum3/Content/Characters/Mannequins/Rigs/Poses/Manny/Manny_thigh_r_anim.uexp" 2147
"C:/Users/wscke/Documents/GitHub/practicum-3/practicum3/Content/Characters/Mannequins/Rigs/Poses/Manny/Manny_thigh_r_pose.uasset" 2148
"C:/Users/wscke/Documents/GitHub/practicum-3/practicum3/Content/Characters/Mannequins/Rigs/Poses/Manny/Manny_thigh_r_pose.uexp" 2149
"C:/Users/wscke/Documents/GitHub/practicum-3/practicum3/Content/Characters/Mannequins/Rigs/Poses/Manny/Manny_hand_r_anim.uasset" 2150
"C:/Users/wscke/Documents/GitHub/practicum-3/practicum3/Content/Characters/Mannequins/Rigs/Poses/Manny/Manny_hand_r_anim.uexp" 2151
"C:/Users/wscke/Documents/GitHub/practicum-3/practicum3/Content/Characters/Mannequins/Rigs/Poses/Manny/Manny_hand_r_pose.uasset" 2152
"C:/Users/wscke/Documents/GitHub/practicum-3/practicum3/Content/Characters/Mannequins/Rigs/Poses/Manny/Manny_hand_r_pose.uexp" 2153
"C:/Users/wscke/Documents/GitHub/practicum-3/practicum3/Content/Characters/Mannequins/Rigs/Poses/Manny/Manny_clavicle_l_anim.uasset" 2154
"C:/Users/wscke/Documents/GitHub/practicum-3/practicum3/Content/Characters/Mannequins/Rigs/Poses/Manny/Manny_clavicle_l_anim.uexp" 2155
"C:/Users/wscke/Documents/GitHub/practicum-3/practicum3/Content/Characters/Mannequins/Rigs/Poses/Manny/Manny_clavicle_l_pose.uasset" 2156
"C:/Users/wscke/Documents/GitHub/practicum-3/practicum3/Content/Characters/Mannequins/Rigs/Poses/Manny/Manny_clavicle_l_pose.uexp" 2157
"C:/Users/wscke/Documents/GitHub/practicum-3/practicum3/Content/Characters/Mannequins/Rigs/Poses/Manny/Manny_calf_l_anim.uasset" 2158
"C:/Users/wscke/Documents/GitHub/practicum-3/practicum3/Content/Characters/Mannequins/Rigs/Poses/Manny/Manny_calf_l_anim.uexp" 2159
"C:/Users/wscke/Documents/GitHub/practicum-3/practicum3/Content/Characters/Mannequins/Rigs/Poses/Manny/Manny_calf_l_pose.uasset" 2160
"C:/Users/wscke/Documents/GitHub/practicum-3/practicum3/Content/Characters/Mannequins/Rigs/Poses/Manny/Manny_calf_l_pose.uexp" 2161
"C:/Users/wscke/Documents/GitHub/practicum-3/practicum3/Content/Characters/Mannequins/Rigs/Poses/Manny/Manny_hand_l_anim.uasset" 2162
"C:/Users/wscke/Documents/GitHub/practicum-3/practicum3/Content/Characters/Mannequins/Rigs/Poses/Manny/Manny_hand_l_anim.uexp" 2163
"C:/Users/wscke/Documents/GitHub/practicum-3/practicum3/Content/Characters/Mannequins/Rigs/Poses/Manny/Manny_hand_l_pose.uasset" 2164
"C:/Users/wscke/Documents/GitHub/practicum-3/practicum3/Content/Characters/Mannequins/Rigs/Poses/Manny/Manny_hand_l_pose.uexp" 2165
"C:/Users/wscke/Documents/GitHub/practicum-3/practicum3/Content/Characters/Mannequins/Rigs/Poses/Manny/Manny_upperarm_r_anim.uasset" 2166
"C:/Users/wscke/Documents/GitHub/practicum-3/practicum3/Content/Characters/Mannequins/Rigs/Poses/Manny/Manny_upperarm_r_anim.uexp" 2167
"C:/Users/wscke/Documents/GitHub/practicum-3/practicum3/Content/Characters/Mannequins/Rigs/Poses/Manny/Manny_upperarm_r_pose.uasset" 2168
"C:/Users/wscke/Documents/GitHub/practicum-3/practicum3/Content/Characters/Mannequins/Rigs/Poses/Manny/Manny_upperarm_r_pose.uexp" 2169
"C:/Users/wscke/Documents/GitHub/practicum-3/practicum3/Content/Characters/Mannequins/Rigs/Poses/Manny/Manny_lowerarm_r_anim.uasset" 2170
"C:/Users/wscke/Documents/GitHub/practicum-3/practicum3/Content/Characters/Mannequins/Rigs/Poses/Manny/Manny_lowerarm_r_anim.uexp" 2171
"C:/Users/wscke/Documents/GitHub/practicum-3/practicum3/Content/Characters/Mannequins/Rigs/Poses/Manny/Manny_lowerarm_r_pose.uasset" 2172
"C:/Users/wscke/Documents/GitHub/practicum-3/practicum3/Content/Characters/Mannequins/Rigs/Poses/Manny/Manny_lowerarm_r_pose.uexp" 2173
"C:/Users/wscke/Documents/GitHub/practicum-3/practicum3/Content/Characters/Mannequins/Rigs/Poses/Manny/Manny_calf_r_anim.uasset" 2174
"C:/Users/wscke/Documents/GitHub/practicum-3/practicum3/Content/Characters/Mannequins/Rigs/Poses/Manny/Manny_calf_r_anim.uexp" 2175
"C:/Users/wscke/Documents/GitHub/practicum-3/practicum3/Content/Characters/Mannequins/Rigs/Poses/Manny/Manny_calf_r_pose.uasset" 2176
"C:/Users/wscke/Documents/GitHub/practicum-3/practicum3/Content/Characters/Mannequins/Rigs/Poses/Manny/Manny_calf_r_pose.uexp" 2177
"C:/Users/wscke/Documents/GitHub/practicum-3/practicum3/Content/Characters/Mannequins/Rigs/Poses/Manny/Manny_foot_r_anim.uasset" 2178
"C:/Users/wscke/Documents/GitHub/practicum-3/practicum3/Content/Characters/Mannequins/Rigs/Poses/Manny/Manny_foot_r_anim.uexp" 2179
"C:/Users/wscke/Documents/GitHub/practicum-3/practicum3/Content/Characters/Mannequins/Rigs/Poses/Manny/Manny_foot_r_pose.uasset" 2180
"C:/Users/wscke/Documents/GitHub/practicum-3/practicum3/Content/Characters/Mannequins/Rigs/Poses/Manny/Manny_foot_r_pose.uexp" 2181
"C:/Users/wscke/Documents/GitHub/practicum-3/practicum3/Content/Characters/Mannequins/Rigs/Poses/Manny/Manny_lowerarm_l_anim.uasset" 2182
"C:/Users/wscke/Documents/GitHub/practicum-3/practicum3/Content/Characters/Mannequins/Rigs/Poses/Manny/Manny_lowerarm_l_anim.uexp" 2183
"C:/Users/wscke/Documents/GitHub/practicum-3/practicum3/Content/Characters/Mannequins/Rigs/Poses/Manny/Manny_lowerarm_l_pose.uasset" 2184
"C:/Users/wscke/Documents/GitHub/practicum-3/practicum3/Content/Characters/Mannequins/Rigs/Poses/Manny/Manny_lowerarm_l_pose.uexp" 2185
"C:/Users/wscke/Documents/GitHub/practicum-3/practicum3/Content/Characters/Mannequins/Rigs/Poses/Manny/Manny_clavicle_r_anim.uasset" 2186
"C:/Users/wscke/Documents/GitHub/practicum-3/practicum3/Content/Characters/Mannequins/Rigs/Poses/Manny/Manny_clavicle_r_anim.uexp" 2187
"C:/Users/wscke/Documents/GitHub/practicum-3/practicum3/Content/Characters/Mannequins/Rigs/Poses/Manny/Manny_clavicle_r_pose.uasset" 2188
"C:/Users/wscke/Documents/GitHub/practicum-3/practicum3/Content/Characters/Mannequins/Rigs/Poses/Manny/Manny_clavicle_r_pose.uexp" 2189
"C:/Users/wscke/Documents/GitHub/practicum-3/practicum3/Content/Characters/Mannequins/Rigs/Poses/Manny/Manny_thigh_l_anim.uasset" 2190
"C:/Users/wscke/Documents/GitHub/practicum-3/practicum3/Content/Characters/Mannequins/Rigs/Poses/Manny/Manny_thigh_l_anim.uexp" 2191
"C:/Users/wscke/Documents/GitHub/practicum-3/practicum3/Content/Characters/Mannequins/Rigs/Poses/Manny/Manny_thigh_l_pose.uasset" 2192
"C:/Users/wscke/Documents/GitHub/practicum-3/practicum3/Content/Characters/Mannequins/Rigs/Poses/Manny/Manny_thigh_l_pose.uexp" 2193
"C:/Users/wscke/Documents/GitHub/practicum-3/practicum3/Content/Characters/Mannequins/Rigs/Poses/Manny/Manny_upperarm_l_anim.uasset" 2194
"C:/Users/wscke/Documents/GitHub/practicum-3/practicum3/Content/Characters/Mannequins/Rigs/Poses/Manny/Manny_upperarm_l_anim.uexp" 2195
"C:/Users/wscke/Documents/GitHub/practicum-3/practicum3/Content/Characters/Mannequins/Rigs/Poses/Manny/Manny_upperarm_l_pose.uasset" 2196
"C:/Users/wscke/Documents/GitHub/practicum-3/practicum3/Content/Characters/Mannequins/Rigs/Poses/Manny/Manny_upperarm_l_pose.uexp" 2197
"C:/Users/wscke/Documents/GitHub/practicum-3/practicum3/Content/Characters/Mannequins/Rigs/ABP_Manny_PostProcess.uasset" 2198
"C:/Users/wscke/Documents/GitHub/practicum-3/practicum3/Content/Characters/Mannequins/Rigs/ABP_Manny_PostProcess.uexp" 2199
"C:/Users/wscke/Documents/GitHub/practicum-3/practicum3/Content/Characters/Mannequins/Meshes/SKM_Manny.uasset" 2200
"C:/Users/wscke/Documents/GitHub/practicum-3/practicum3/Content/Characters/Mannequins/Meshes/SKM_Manny.uexp" 2201
"C:/Users/wscke/Documents/GitHub/practicum-3/practicum3/Content/Characters/Mannequins/Meshes/Mannequin_LODSettings.uasset" 2202
"C:/Users/wscke/Documents/GitHub/practicum-3/practicum3/Content/Characters/Mannequins/Meshes/Mannequin_LODSettings.uexp" 2203
"C:/Users/wscke/Documents/GitHub/practicum-3/practicum3/Content/animation/charater/Placing/placing.uasset" 2204
"C:/Users/wscke/Documents/GitHub/practicum-3/practicum3/Content/animation/charater/Placing/placing.uexp" 2205
"C:/Users/wscke/Documents/GitHub/practicum-3/practicum3/Content/animation/charater/basicAttack/basic_attack_Anim.uasset" 2206
"C:/Users/wscke/Documents/GitHub/practicum-3/practicum3/Content/animation/charater/basicAttack/basic_attack_Anim.uexp" 2207
"C:/Users/wscke/Documents/GitHub/practicum-3/practicum3/Content/animation/charater/AnotherAttack/AnotherAttack.uasset" 2208
"C:/Users/wscke/Documents/GitHub/practicum-3/practicum3/Content/animation/charater/AnotherAttack/AnotherAttack.uexp" 2209
"../../../Engine/Content/Functions/Engine_MaterialFunctions01/Shading/PowerToRoughness.uasset" 2210
"../../../Engine/Content/Functions/Engine_MaterialFunctions01/Shading/PowerToRoughness.uexp" 2211
"../../../Engine/Content/Functions/Engine_MaterialFunctions01/Shading/ConvertFromDiffSpec.uasset" 2212
"../../../Engine/Content/Functions/Engine_MaterialFunctions01/Shading/ConvertFromDiffSpec.uexp" 2213
"../../../Engine/Content/EngineMaterials/Substrate/GLints2/AGlintTex2dArray2.uasset" 2214
"../../../Engine/Content/EngineMaterials/Substrate/GLints2/AGlintTex2dArray2.uexp" 2215
"C:/Users/wscke/Documents/GitHub/practicum-3/practicum3/Content/UI/Widgets/LevelWidgets/startingMenu/W_levelSelection.uasset" 2216
"C:/Users/wscke/Documents/GitHub/practicum-3/practicum3/Content/UI/Widgets/LevelWidgets/startingMenu/W_levelSelection.uexp" 2217
"C:/Users/wscke/Documents/GitHub/practicum-3/practicum3/Content/ThirdPerson/Abilities/AbilityAssets/Shockwave/BP_ShockWave.uasset" 2218
"C:/Users/wscke/Documents/GitHub/practicum-3/practicum3/Content/ThirdPerson/Abilities/AbilityAssets/Shockwave/BP_ShockWave.uexp" 2219
"C:/Users/wscke/Documents/GitHub/practicum-3/practicum3/Content/Characters/Mannequins/Animations/Manny/MM_T_Pose.uasset" 2220
"C:/Users/wscke/Documents/GitHub/practicum-3/practicum3/Content/Characters/Mannequins/Animations/Manny/MM_T_Pose.uexp" 2221
"../../../Engine/Content/EngineMaterials/Substrate/GLints/AGlintTex2dArray.uasset" 2222
"../../../Engine/Content/EngineMaterials/Substrate/GLints/AGlintTex2dArray.uexp" 2223
"C:/Users/wscke/Documents/GitHub/practicum-3/practicum3/Content/Meshes/trappingAreas-paths/wall_trapping_area_low.ubulk" 2224
"C:/Users/wscke/Documents/GitHub/practicum-3/practicum3/Content/Meshes/trappingAreas-paths/wall_trapping_area_low.uasset" 2225
"C:/Users/wscke/Documents/GitHub/practicum-3/practicum3/Content/Meshes/trappingAreas-paths/wall_trapping_area_low.uexp" 2226
"C:/Users/wscke/Documents/GitHub/practicum-3/practicum3/Content/texures/T_WallTrap/wall_trapping_area_low_DefaultMaterial_Emissive.ubulk" 2227
"C:/Users/wscke/Documents/GitHub/practicum-3/practicum3/Content/texures/T_WallTrap/wall_trapping_area_low_DefaultMaterial_Emissive.uasset" 2228
"C:/Users/wscke/Documents/GitHub/practicum-3/practicum3/Content/texures/T_WallTrap/wall_trapping_area_low_DefaultMaterial_Emissive.uexp" 2229
"C:/Users/wscke/Documents/GitHub/practicum-3/practicum3/Content/texures/T_WallTrap/wall_trapping_area_low_DefaultMaterial_Normal.ubulk" 2230
"C:/Users/wscke/Documents/GitHub/practicum-3/practicum3/Content/texures/T_WallTrap/wall_trapping_area_low_DefaultMaterial_Normal.uasset" 2231
"C:/Users/wscke/Documents/GitHub/practicum-3/practicum3/Content/texures/T_WallTrap/wall_trapping_area_low_DefaultMaterial_Normal.uexp" 2232
"C:/Users/wscke/Documents/GitHub/practicum-3/practicum3/Content/texures/T_WallTrap/wall_trapping_area_low_DefaultMaterial_OcclusionRoughnessMetallic.ubulk" 2233
"C:/Users/wscke/Documents/GitHub/practicum-3/practicum3/Content/texures/T_WallTrap/wall_trapping_area_low_DefaultMaterial_OcclusionRoughnessMetallic.uasset" 2234
"C:/Users/wscke/Documents/GitHub/practicum-3/practicum3/Content/texures/T_WallTrap/wall_trapping_area_low_DefaultMaterial_OcclusionRoughnessMetallic.uexp" 2235
"C:/Users/wscke/Documents/GitHub/practicum-3/practicum3/Content/texures/T_WallTrap/wall_trapping_area_low_DefaultMaterial_BaseColor.ubulk" 2236
"C:/Users/wscke/Documents/GitHub/practicum-3/practicum3/Content/texures/T_WallTrap/wall_trapping_area_low_DefaultMaterial_BaseColor.uasset" 2237
"C:/Users/wscke/Documents/GitHub/practicum-3/practicum3/Content/texures/T_WallTrap/wall_trapping_area_low_DefaultMaterial_BaseColor.uexp" 2238
"C:/Users/wscke/Documents/GitHub/practicum-3/practicum3/Content/textureSpheres/M_TrapingAreaWall.uasset" 2239
"C:/Users/wscke/Documents/GitHub/practicum-3/practicum3/Content/textureSpheres/M_TrapingAreaWall.uexp" 2240
"C:/Users/wscke/Documents/GitHub/practicum-3/practicum3/Content/traps/LandToPlaceTraps/BP_TrapAreaWall.uasset" 2241
"C:/Users/wscke/Documents/GitHub/practicum-3/practicum3/Content/traps/LandToPlaceTraps/BP_TrapAreaWall.uexp" 2242
"C:/Users/wscke/Documents/GitHub/practicum-3/practicum3/Content/LevelPrototyping/Materials/M_Solid.uasset" 2243
"C:/Users/wscke/Documents/GitHub/practicum-3/practicum3/Content/LevelPrototyping/Materials/M_Solid.uexp" 2244
"C:/Users/wscke/Documents/GitHub/practicum-3/practicum3/Content/LevelPrototyping/Materials/MI_Solid_Blue.uasset" 2245
"C:/Users/wscke/Documents/GitHub/practicum-3/practicum3/Content/LevelPrototyping/Materials/MI_Solid_Blue.uexp" 2246
"C:/Users/wscke/Documents/GitHub/practicum-3/practicum3/Content/LevelPrototyping/Meshes/SM_ChamferCube.ubulk" 2247
"C:/Users/wscke/Documents/GitHub/practicum-3/practicum3/Content/LevelPrototyping/Meshes/SM_ChamferCube.uasset" 2248
"C:/Users/wscke/Documents/GitHub/practicum-3/practicum3/Content/LevelPrototyping/Meshes/SM_ChamferCube.uexp" 2249
"C:/Users/wscke/Documents/GitHub/practicum-3/practicum3/Content/LevelPrototyping/Meshes/SM_Cube.ubulk" 2250
"C:/Users/wscke/Documents/GitHub/practicum-3/practicum3/Content/LevelPrototyping/Meshes/SM_Cube.uasset" 2251
"C:/Users/wscke/Documents/GitHub/practicum-3/practicum3/Content/LevelPrototyping/Meshes/SM_Cube.uexp" 2252
"C:/Users/wscke/Documents/GitHub/practicum-3/practicum3/Content/LevelPrototyping/Materials/MI_PrototypeGrid_TopDark.uasset" 2253
"C:/Users/wscke/Documents/GitHub/practicum-3/practicum3/Content/LevelPrototyping/Materials/MI_PrototypeGrid_TopDark.uexp" 2254
"C:/Users/wscke/Documents/GitHub/practicum-3/practicum3/Content/materials/M_CrystalColor.uasset" 2255
"C:/Users/wscke/Documents/GitHub/practicum-3/practicum3/Content/materials/M_CrystalColor.uexp" 2256
"C:/Users/wscke/Documents/GitHub/practicum-3/practicum3/Content/texures/T_Torus_1/T_Torus_1/portal_torus_2_low_DefaultMaterial_BaseColor.ubulk" 2257
"C:/Users/wscke/Documents/GitHub/practicum-3/practicum3/Content/texures/T_Torus_1/T_Torus_1/portal_torus_2_low_DefaultMaterial_BaseColor.uasset" 2258
"C:/Users/wscke/Documents/GitHub/practicum-3/practicum3/Content/texures/T_Torus_1/T_Torus_1/portal_torus_2_low_DefaultMaterial_BaseColor.uexp" 2259
"C:/Users/wscke/Documents/GitHub/practicum-3/practicum3/Content/texures/T_Torus_1/T_Torus_1/portal_torus_2_low_DefaultMaterial_OcclusionRoughnessMetallic.ubulk" 2260
"C:/Users/wscke/Documents/GitHub/practicum-3/practicum3/Content/texures/T_Torus_1/T_Torus_1/portal_torus_2_low_DefaultMaterial_OcclusionRoughnessMetallic.uasset" 2261
"C:/Users/wscke/Documents/GitHub/practicum-3/practicum3/Content/texures/T_Torus_1/T_Torus_1/portal_torus_2_low_DefaultMaterial_OcclusionRoughnessMetallic.uexp" 2262
"C:/Users/wscke/Documents/GitHub/practicum-3/practicum3/Content/texures/T_Torus_1/T_Torus_1/portal_torus_2_low_DefaultMaterial_Normal.ubulk" 2263
"C:/Users/wscke/Documents/GitHub/practicum-3/practicum3/Content/texures/T_Torus_1/T_Torus_1/portal_torus_2_low_DefaultMaterial_Normal.uasset" 2264
"C:/Users/wscke/Documents/GitHub/practicum-3/practicum3/Content/texures/T_Torus_1/T_Torus_1/portal_torus_2_low_DefaultMaterial_Normal.uexp" 2265
"C:/Users/wscke/Documents/GitHub/practicum-3/practicum3/Content/texures/T_Torus_1/T_Torus_1/portal_torus_2_low_DefaultMaterial_Emissive.ubulk" 2266
"C:/Users/wscke/Documents/GitHub/practicum-3/practicum3/Content/texures/T_Torus_1/T_Torus_1/portal_torus_2_low_DefaultMaterial_Emissive.uasset" 2267
"C:/Users/wscke/Documents/GitHub/practicum-3/practicum3/Content/texures/T_Torus_1/T_Torus_1/portal_torus_2_low_DefaultMaterial_Emissive.uexp" 2268
"C:/Users/wscke/Documents/GitHub/practicum-3/practicum3/Content/textureSpheres/portal/M_Torus1.uasset" 2269
"C:/Users/wscke/Documents/GitHub/practicum-3/practicum3/Content/textureSpheres/portal/M_Torus1.uexp" 2270
"C:/Users/wscke/Documents/GitHub/practicum-3/practicum3/Content/texures/T_PortalSphere/T_PortalSphere/portal_sphere_low_DefaultMaterial_Emissive.ubulk" 2271
"C:/Users/wscke/Documents/GitHub/practicum-3/practicum3/Content/texures/T_PortalSphere/T_PortalSphere/portal_sphere_low_DefaultMaterial_Emissive.uasset" 2272
"C:/Users/wscke/Documents/GitHub/practicum-3/practicum3/Content/texures/T_PortalSphere/T_PortalSphere/portal_sphere_low_DefaultMaterial_Emissive.uexp" 2273
"C:/Users/wscke/Documents/GitHub/practicum-3/practicum3/Content/texures/T_PortalSphere/T_PortalSphere/portal_sphere_low_DefaultMaterial_BaseColor.ubulk" 2274
"C:/Users/wscke/Documents/GitHub/practicum-3/practicum3/Content/texures/T_PortalSphere/T_PortalSphere/portal_sphere_low_DefaultMaterial_BaseColor.uasset" 2275
"C:/Users/wscke/Documents/GitHub/practicum-3/practicum3/Content/texures/T_PortalSphere/T_PortalSphere/portal_sphere_low_DefaultMaterial_BaseColor.uexp" 2276
"C:/Users/wscke/Documents/GitHub/practicum-3/practicum3/Content/texures/T_PortalSphere/T_PortalSphere/portal_sphere_low_DefaultMaterial_Normal.ubulk" 2277
"C:/Users/wscke/Documents/GitHub/practicum-3/practicum3/Content/texures/T_PortalSphere/T_PortalSphere/portal_sphere_low_DefaultMaterial_Normal.uasset" 2278
"C:/Users/wscke/Documents/GitHub/practicum-3/practicum3/Content/texures/T_PortalSphere/T_PortalSphere/portal_sphere_low_DefaultMaterial_Normal.uexp" 2279
"C:/Users/wscke/Documents/GitHub/practicum-3/practicum3/Content/texures/T_PortalSphere/T_PortalSphere/portal_sphere_low_DefaultMaterial_OcclusionRoughnessMetallic.ubulk" 2280
"C:/Users/wscke/Documents/GitHub/practicum-3/practicum3/Content/texures/T_PortalSphere/T_PortalSphere/portal_sphere_low_DefaultMaterial_OcclusionRoughnessMetallic.uasset" 2281
"C:/Users/wscke/Documents/GitHub/practicum-3/practicum3/Content/texures/T_PortalSphere/T_PortalSphere/portal_sphere_low_DefaultMaterial_OcclusionRoughnessMetallic.uexp" 2282
"C:/Users/wscke/Documents/GitHub/practicum-3/practicum3/Content/textureSpheres/portal/M_PortalSphere.uasset" 2283
"C:/Users/wscke/Documents/GitHub/practicum-3/practicum3/Content/textureSpheres/portal/M_PortalSphere.uexp" 2284
"C:/Users/wscke/Documents/GitHub/practicum-3/practicum3/Content/texures/T_Torus_2/T_Torus_2/portal_torus_1_low_DefaultMaterial_BaseColor.ubulk" 2285
"C:/Users/wscke/Documents/GitHub/practicum-3/practicum3/Content/texures/T_Torus_2/T_Torus_2/portal_torus_1_low_DefaultMaterial_BaseColor.uasset" 2286
"C:/Users/wscke/Documents/GitHub/practicum-3/practicum3/Content/texures/T_Torus_2/T_Torus_2/portal_torus_1_low_DefaultMaterial_BaseColor.uexp" 2287
"C:/Users/wscke/Documents/GitHub/practicum-3/practicum3/Content/texures/T_Torus_2/T_Torus_2/portal_torus_1_low_DefaultMaterial_Emissive.ubulk" 2288
"C:/Users/wscke/Documents/GitHub/practicum-3/practicum3/Content/texures/T_Torus_2/T_Torus_2/portal_torus_1_low_DefaultMaterial_Emissive.uasset" 2289
"C:/Users/wscke/Documents/GitHub/practicum-3/practicum3/Content/texures/T_Torus_2/T_Torus_2/portal_torus_1_low_DefaultMaterial_Emissive.uexp" 2290
"C:/Users/wscke/Documents/GitHub/practicum-3/practicum3/Content/texures/T_Torus_2/T_Torus_2/portal_torus_1_low_DefaultMaterial_Normal.ubulk" 2291
"C:/Users/wscke/Documents/GitHub/practicum-3/practicum3/Content/texures/T_Torus_2/T_Torus_2/portal_torus_1_low_DefaultMaterial_Normal.uasset" 2292
"C:/Users/wscke/Documents/GitHub/practicum-3/practicum3/Content/texures/T_Torus_2/T_Torus_2/portal_torus_1_low_DefaultMaterial_Normal.uexp" 2293
"C:/Users/wscke/Documents/GitHub/practicum-3/practicum3/Content/texures/T_Torus_2/T_Torus_2/portal_torus_1_low_DefaultMaterial_OcclusionRoughnessMetallic.ubulk" 2294
"C:/Users/wscke/Documents/GitHub/practicum-3/practicum3/Content/texures/T_Torus_2/T_Torus_2/portal_torus_1_low_DefaultMaterial_OcclusionRoughnessMetallic.uasset" 2295
"C:/Users/wscke/Documents/GitHub/practicum-3/practicum3/Content/texures/T_Torus_2/T_Torus_2/portal_torus_1_low_DefaultMaterial_OcclusionRoughnessMetallic.uexp" 2296
"C:/Users/wscke/Documents/GitHub/practicum-3/practicum3/Content/textureSpheres/M_Torus1.uasset" 2297
"C:/Users/wscke/Documents/GitHub/practicum-3/practicum3/Content/textureSpheres/M_Torus1.uexp" 2298
"C:/Users/wscke/Documents/GitHub/practicum-3/practicum3/Content/Meshes/trappingAreas-paths/portal/portal_torus_1_low.ubulk" 2299
"C:/Users/wscke/Documents/GitHub/practicum-3/practicum3/Content/Meshes/trappingAreas-paths/portal/portal_torus_1_low.uasset" 2300
"C:/Users/wscke/Documents/GitHub/practicum-3/practicum3/Content/Meshes/trappingAreas-paths/portal/portal_torus_1_low.uexp" 2301
"C:/Users/wscke/Documents/GitHub/practicum-3/practicum3/Content/Meshes/trappingAreas-paths/portal/portal_sphere_low.ubulk" 2302
"C:/Users/wscke/Documents/GitHub/practicum-3/practicum3/Content/Meshes/trappingAreas-paths/portal/portal_sphere_low.uasset" 2303
"C:/Users/wscke/Documents/GitHub/practicum-3/practicum3/Content/Meshes/trappingAreas-paths/portal/portal_sphere_low.uexp" 2304
"C:/Users/wscke/Documents/GitHub/practicum-3/practicum3/Content/Meshes/portaaal/portal_torus_1_low.ubulk" 2305
"C:/Users/wscke/Documents/GitHub/practicum-3/practicum3/Content/Meshes/portaaal/portal_torus_1_low.uasset" 2306
"C:/Users/wscke/Documents/GitHub/practicum-3/practicum3/Content/Meshes/portaaal/portal_torus_1_low.uexp" 2307
"C:/Users/wscke/Documents/GitHub/practicum-3/practicum3/Content/Core/BP_Core.uasset" 2308
"C:/Users/wscke/Documents/GitHub/practicum-3/practicum3/Content/Core/BP_Core.uexp" 2309
"C:/Users/wscke/Documents/GitHub/practicum-3/practicum3/Content/LevelPrototyping/Meshes/SM_QuarterCylinder.ubulk" 2310
"C:/Users/wscke/Documents/GitHub/practicum-3/practicum3/Content/LevelPrototyping/Meshes/SM_QuarterCylinder.uasset" 2311
"C:/Users/wscke/Documents/GitHub/practicum-3/practicum3/Content/LevelPrototyping/Meshes/SM_QuarterCylinder.uexp" 2312
"C:/Users/wscke/Documents/GitHub/practicum-3/practicum3/Content/AI/BP_GoblinBig.uasset" 2313
"C:/Users/wscke/Documents/GitHub/practicum-3/practicum3/Content/AI/BP_GoblinBig.uexp" 2314
"C:/Users/wscke/Documents/GitHub/practicum-3/practicum3/Content/LevelPrototyping/Meshes/SM_Ramp.ubulk" 2315
"C:/Users/wscke/Documents/GitHub/practicum-3/practicum3/Content/LevelPrototyping/Meshes/SM_Ramp.uasset" 2316
"C:/Users/wscke/Documents/GitHub/practicum-3/practicum3/Content/LevelPrototyping/Meshes/SM_Ramp.uexp" 2317
"../../../Engine/Content/EngineSky/T_Sky_Stars.ubulk" 2318
"../../../Engine/Content/EngineSky/T_Sky_Stars.uasset" 2319
"../../../Engine/Content/EngineSky/T_Sky_Stars.uexp" 2320
"../../../Engine/Content/EngineSky/T_Sky_Clouds_M.ubulk" 2321
"../../../Engine/Content/EngineSky/T_Sky_Clouds_M.uasset" 2322
"../../../Engine/Content/EngineSky/T_Sky_Clouds_M.uexp" 2323
"../../../Engine/Content/EngineSky/T_Sky_Blue.ubulk" 2324
"../../../Engine/Content/EngineSky/T_Sky_Blue.uasset" 2325
"../../../Engine/Content/EngineSky/T_Sky_Blue.uexp" 2326
"../../../Engine/Content/EngineSky/M_Sky_Panning_Clouds2.uasset" 2327
"../../../Engine/Content/EngineSky/M_Sky_Panning_Clouds2.uexp" 2328
"../../../Engine/Content/EngineSky/SM_SkySphere.ubulk" 2329
"../../../Engine/Content/EngineSky/SM_SkySphere.uasset" 2330
"../../../Engine/Content/EngineSky/SM_SkySphere.uexp" 2331
"../../../Engine/Content/EngineSky/M_SimpleSkyDome.uasset" 2332
"../../../Engine/Content/EngineSky/M_SimpleSkyDome.uexp" 2333
"C:/Users/wscke/Documents/GitHub/practicum-3/practicum3/Content/texures/T_FloorPathTurn/floor_turn_path_Material_Emissive.ubulk" 2334
"C:/Users/wscke/Documents/GitHub/practicum-3/practicum3/Content/texures/T_FloorPathTurn/floor_turn_path_Material_Emissive.uasset" 2335
"C:/Users/wscke/Documents/GitHub/practicum-3/practicum3/Content/texures/T_FloorPathTurn/floor_turn_path_Material_Emissive.uexp" 2336
"C:/Users/wscke/Documents/GitHub/practicum-3/practicum3/Content/texures/T_FloorPathTurn/floor_turn_path_Material_Normal.ubulk" 2337
"C:/Users/wscke/Documents/GitHub/practicum-3/practicum3/Content/texures/T_FloorPathTurn/floor_turn_path_Material_Normal.uasset" 2338
"C:/Users/wscke/Documents/GitHub/practicum-3/practicum3/Content/texures/T_FloorPathTurn/floor_turn_path_Material_Normal.uexp" 2339
"C:/Users/wscke/Documents/GitHub/practicum-3/practicum3/Content/texures/T_FloorPathTurn/floor_turn_path_Material_BaseColor.ubulk" 2340
"C:/Users/wscke/Documents/GitHub/practicum-3/practicum3/Content/texures/T_FloorPathTurn/floor_turn_path_Material_BaseColor.uasset" 2341
"C:/Users/wscke/Documents/GitHub/practicum-3/practicum3/Content/texures/T_FloorPathTurn/floor_turn_path_Material_BaseColor.uexp" 2342
"C:/Users/wscke/Documents/GitHub/practicum-3/practicum3/Content/texures/T_FloorPathTurn/floor_turn_path_Material_OcclusionRoughnessMetallic.ubulk" 2343
"C:/Users/wscke/Documents/GitHub/practicum-3/practicum3/Content/texures/T_FloorPathTurn/floor_turn_path_Material_OcclusionRoughnessMetallic.uasset" 2344
"C:/Users/wscke/Documents/GitHub/practicum-3/practicum3/Content/texures/T_FloorPathTurn/floor_turn_path_Material_OcclusionRoughnessMetallic.uexp" 2345
"C:/Users/wscke/Documents/GitHub/practicum-3/practicum3/Content/textureSpheres/M_PathCorner.uasset" 2346
"C:/Users/wscke/Documents/GitHub/practicum-3/practicum3/Content/textureSpheres/M_PathCorner.uexp" 2347
"C:/Users/wscke/Documents/GitHub/practicum-3/practicum3/Content/Meshes/trappingAreas-paths/floor_turn_path.ubulk" 2348
"C:/Users/wscke/Documents/GitHub/practicum-3/practicum3/Content/Meshes/trappingAreas-paths/floor_turn_path.uasset" 2349
"C:/Users/wscke/Documents/GitHub/practicum-3/practicum3/Content/Meshes/trappingAreas-paths/floor_turn_path.uexp" 2350
"C:/Users/wscke/Documents/GitHub/practicum-3/practicum3/Content/blueprintEnvirment/floors/BP_PathCorner.uasset" 2351
"C:/Users/wscke/Documents/GitHub/practicum-3/practicum3/Content/blueprintEnvirment/floors/BP_PathCorner.uexp" 2352
"C:/Users/wscke/Documents/GitHub/practicum-3/practicum3/Content/blueprintEnvirment/wall/BP_GlowWall.uasset" 2353
"C:/Users/wscke/Documents/GitHub/practicum-3/practicum3/Content/blueprintEnvirment/wall/BP_GlowWall.uexp" 2354
"C:/Users/wscke/Documents/GitHub/practicum-3/practicum3/Content/texures/T_FloorPathStraight/floor_striaght_path_Material_Normal.ubulk" 2355
"C:/Users/wscke/Documents/GitHub/practicum-3/practicum3/Content/texures/T_FloorPathStraight/floor_striaght_path_Material_Normal.uasset" 2356
"C:/Users/wscke/Documents/GitHub/practicum-3/practicum3/Content/texures/T_FloorPathStraight/floor_striaght_path_Material_Normal.uexp" 2357
"C:/Users/wscke/Documents/GitHub/practicum-3/practicum3/Content/texures/T_FloorPathStraight/floor_striaght_path_Material_BaseColor.ubulk" 2358
"C:/Users/wscke/Documents/GitHub/practicum-3/practicum3/Content/texures/T_FloorPathStraight/floor_striaght_path_Material_BaseColor.uasset" 2359
"C:/Users/wscke/Documents/GitHub/practicum-3/practicum3/Content/texures/T_FloorPathStraight/floor_striaght_path_Material_BaseColor.uexp" 2360
"C:/Users/wscke/Documents/GitHub/practicum-3/practicum3/Content/texures/T_FloorPathStraight/floor_striaght_path_Material_OcclusionRoughnessMetallic.ubulk" 2361
"C:/Users/wscke/Documents/GitHub/practicum-3/practicum3/Content/texures/T_FloorPathStraight/floor_striaght_path_Material_OcclusionRoughnessMetallic.uasset" 2362
"C:/Users/wscke/Documents/GitHub/practicum-3/practicum3/Content/texures/T_FloorPathStraight/floor_striaght_path_Material_OcclusionRoughnessMetallic.uexp" 2363
"C:/Users/wscke/Documents/GitHub/practicum-3/practicum3/Content/texures/T_FloorPathStraight/floor_striaght_path_Material_Emissive.ubulk" 2364
"C:/Users/wscke/Documents/GitHub/practicum-3/practicum3/Content/texures/T_FloorPathStraight/floor_striaght_path_Material_Emissive.uasset" 2365
"C:/Users/wscke/Documents/GitHub/practicum-3/practicum3/Content/texures/T_FloorPathStraight/floor_striaght_path_Material_Emissive.uexp" 2366
"C:/Users/wscke/Documents/GitHub/practicum-3/practicum3/Content/textureSpheres/M_PathStraightFreshlyDug.uasset" 2367
"C:/Users/wscke/Documents/GitHub/practicum-3/practicum3/Content/textureSpheres/M_PathStraightFreshlyDug.uexp" 2368
"C:/Users/wscke/Documents/GitHub/practicum-3/practicum3/Content/Meshes/trappingAreas-paths/floor_striaght_path.ubulk" 2369
"C:/Users/wscke/Documents/GitHub/practicum-3/practicum3/Content/Meshes/trappingAreas-paths/floor_striaght_path.uasset" 2370
"C:/Users/wscke/Documents/GitHub/practicum-3/practicum3/Content/Meshes/trappingAreas-paths/floor_striaght_path.uexp" 2371
"C:/Users/wscke/Documents/GitHub/practicum-3/practicum3/Content/blueprintEnvirment/floors/BP_pathStraight.uasset" 2372
"C:/Users/wscke/Documents/GitHub/practicum-3/practicum3/Content/blueprintEnvirment/floors/BP_pathStraight.uexp" 2373
"C:/Users/wscke/Documents/GitHub/practicum-3/practicum3/Content/texures/T_PortalBase/T_PortalBase/portal_base_low_DefaultMaterial_Normal.ubulk" 2374
"C:/Users/wscke/Documents/GitHub/practicum-3/practicum3/Content/texures/T_PortalBase/T_PortalBase/portal_base_low_DefaultMaterial_Normal.uasset" 2375
"C:/Users/wscke/Documents/GitHub/practicum-3/practicum3/Content/texures/T_PortalBase/T_PortalBase/portal_base_low_DefaultMaterial_Normal.uexp" 2376
"C:/Users/wscke/Documents/GitHub/practicum-3/practicum3/Content/texures/T_PortalBase/T_PortalBase/portal_base_low_DefaultMaterial_BaseColor.ubulk" 2377
"C:/Users/wscke/Documents/GitHub/practicum-3/practicum3/Content/texures/T_PortalBase/T_PortalBase/portal_base_low_DefaultMaterial_BaseColor.uasset" 2378
"C:/Users/wscke/Documents/GitHub/practicum-3/practicum3/Content/texures/T_PortalBase/T_PortalBase/portal_base_low_DefaultMaterial_BaseColor.uexp" 2379
"C:/Users/wscke/Documents/GitHub/practicum-3/practicum3/Content/texures/T_PortalBase/T_PortalBase/portal_base_low_DefaultMaterial_OcclusionRoughnessMetallic.ubulk" 2380
"C:/Users/wscke/Documents/GitHub/practicum-3/practicum3/Content/texures/T_PortalBase/T_PortalBase/portal_base_low_DefaultMaterial_OcclusionRoughnessMetallic.uasset" 2381
"C:/Users/wscke/Documents/GitHub/practicum-3/practicum3/Content/texures/T_PortalBase/T_PortalBase/portal_base_low_DefaultMaterial_OcclusionRoughnessMetallic.uexp" 2382
"C:/Users/wscke/Documents/GitHub/practicum-3/practicum3/Content/texures/T_PortalBase/T_PortalBase/portal_base_low_DefaultMaterial_Emissive.ubulk" 2383
"C:/Users/wscke/Documents/GitHub/practicum-3/practicum3/Content/texures/T_PortalBase/T_PortalBase/portal_base_low_DefaultMaterial_Emissive.uasset" 2384
"C:/Users/wscke/Documents/GitHub/practicum-3/practicum3/Content/texures/T_PortalBase/T_PortalBase/portal_base_low_DefaultMaterial_Emissive.uexp" 2385
"C:/Users/wscke/Documents/GitHub/practicum-3/practicum3/Content/textureSpheres/portal/M_PortalBase.uasset" 2386
"C:/Users/wscke/Documents/GitHub/practicum-3/practicum3/Content/textureSpheres/portal/M_PortalBase.uexp" 2387
"C:/Users/wscke/Documents/GitHub/practicum-3/practicum3/Content/Meshes/trappingAreas-paths/portal/portal_base_low.ubulk" 2388
"C:/Users/wscke/Documents/GitHub/practicum-3/practicum3/Content/Meshes/trappingAreas-paths/portal/portal_base_low.uasset" 2389
"C:/Users/wscke/Documents/GitHub/practicum-3/practicum3/Content/Meshes/trappingAreas-paths/portal/portal_base_low.uexp" 2390
"C:/Users/wscke/Documents/GitHub/practicum-3/practicum3/Content/blueprintEnvirment/portal/BP_PortalGround.uasset" 2391
"C:/Users/wscke/Documents/GitHub/practicum-3/practicum3/Content/blueprintEnvirment/portal/BP_PortalGround.uexp" 2392
"C:/Users/wscke/Documents/GitHub/practicum-3/practicum3/Content/levels/TightWall.uexp" 2393
"C:/Users/wscke/Documents/GitHub/practicum-3/practicum3/Content/levels/TightWall.umap" 2394
"C:/Users/wscke/Documents/GitHub/practicum-3/practicum3/Content/UI/LoadoutSystem/W_LoadoutContainer.uasset" 2395
"C:/Users/wscke/Documents/GitHub/practicum-3/practicum3/Content/UI/LoadoutSystem/W_LoadoutContainer.uexp" 2396
"C:/Users/wscke/Documents/GitHub/practicum-3/practicum3/Content/UI/LoadoutSystem/W_LoadoutButton.uasset" 2397
"C:/Users/wscke/Documents/GitHub/practicum-3/practicum3/Content/UI/LoadoutSystem/W_LoadoutButton.uexp" 2398
"C:/Users/wscke/Documents/GitHub/practicum-3/practicum3/Content/UI/LoadoutSystem/W_LoadoutButtonContainer.uasset" 2399
"C:/Users/wscke/Documents/GitHub/practicum-3/practicum3/Content/UI/LoadoutSystem/W_LoadoutButtonContainer.uexp" 2400
"C:/Users/wscke/Documents/GitHub/practicum-3/practicum3/Content/UI/LoadoutSystem/W_MainMenu.uasset" 2401
"C:/Users/wscke/Documents/GitHub/practicum-3/practicum3/Content/UI/LoadoutSystem/W_MainMenu.uexp" 2402
"C:/Users/wscke/Documents/GitHub/practicum-3/practicum3/Content/levels/StartingMenu.uexp" 2403
"C:/Users/wscke/Documents/GitHub/practicum-3/practicum3/Content/levels/StartingMenu.umap" 2404
"C:/Users/wscke/Documents/GitHub/practicum-3/practicum3/Content/Meshes/brush/rock_roof_low_.ubulk" 2405
"C:/Users/wscke/Documents/GitHub/practicum-3/practicum3/Content/Meshes/brush/rock_roof_low_.uasset" 2406
"C:/Users/wscke/Documents/GitHub/practicum-3/practicum3/Content/Meshes/brush/rock_roof_low_.uexp" 2407
"C:/Users/wscke/Documents/GitHub/practicum-3/practicum3/Content/texures/T_RockRoof/rock_roof_low__DefaultMaterial_Normal.ubulk" 2408
"C:/Users/wscke/Documents/GitHub/practicum-3/practicum3/Content/texures/T_RockRoof/rock_roof_low__DefaultMaterial_Normal.uasset" 2409
"C:/Users/wscke/Documents/GitHub/practicum-3/practicum3/Content/texures/T_RockRoof/rock_roof_low__DefaultMaterial_Normal.uexp" 2410
"C:/Users/wscke/Documents/GitHub/practicum-3/practicum3/Content/texures/T_RockRoof/rock_roof_low__DefaultMaterial_Emissive.ubulk" 2411
"C:/Users/wscke/Documents/GitHub/practicum-3/practicum3/Content/texures/T_RockRoof/rock_roof_low__DefaultMaterial_Emissive.uasset" 2412
"C:/Users/wscke/Documents/GitHub/practicum-3/practicum3/Content/texures/T_RockRoof/rock_roof_low__DefaultMaterial_Emissive.uexp" 2413
"C:/Users/wscke/Documents/GitHub/practicum-3/practicum3/Content/texures/T_RockRoof/rock_roof_low__DefaultMaterial_BaseColor.ubulk" 2414
"C:/Users/wscke/Documents/GitHub/practicum-3/practicum3/Content/texures/T_RockRoof/rock_roof_low__DefaultMaterial_BaseColor.uasset" 2415
"C:/Users/wscke/Documents/GitHub/practicum-3/practicum3/Content/texures/T_RockRoof/rock_roof_low__DefaultMaterial_BaseColor.uexp" 2416
"C:/Users/wscke/Documents/GitHub/practicum-3/practicum3/Content/texures/T_RockRoof/rock_roof_low__DefaultMaterial_OcclusionRoughnessMetallic.ubulk" 2417
"C:/Users/wscke/Documents/GitHub/practicum-3/practicum3/Content/texures/T_RockRoof/rock_roof_low__DefaultMaterial_OcclusionRoughnessMetallic.uasset" 2418
"C:/Users/wscke/Documents/GitHub/practicum-3/practicum3/Content/texures/T_RockRoof/rock_roof_low__DefaultMaterial_OcclusionRoughnessMetallic.uexp" 2419
"C:/Users/wscke/Documents/GitHub/practicum-3/practicum3/Content/textureSpheres/M_RockStairs.uasset" 2420
"C:/Users/wscke/Documents/GitHub/practicum-3/practicum3/Content/textureSpheres/M_RockStairs.uexp" 2421
"C:/Users/wscke/Documents/GitHub/practicum-3/practicum3/Content/blueprintEnvirment/brush/BP_roofRock.uasset" 2422
"C:/Users/wscke/Documents/GitHub/practicum-3/practicum3/Content/blueprintEnvirment/brush/BP_roofRock.uexp" 2423
"C:/Users/wscke/Documents/GitHub/practicum-3/practicum3/Content/blueprintEnvirment/decor/BP_Ruble1.uasset" 2424
"C:/Users/wscke/Documents/GitHub/practicum-3/practicum3/Content/blueprintEnvirment/decor/BP_Ruble1.uexp" 2425
"C:/Users/wscke/Documents/GitHub/practicum-3/practicum3/Content/texures/T_NotOnPath1/not_on_path_1_low_DefaultMaterial_Emissive.ubulk" 2426
"C:/Users/wscke/Documents/GitHub/practicum-3/practicum3/Content/texures/T_NotOnPath1/not_on_path_1_low_DefaultMaterial_Emissive.uasset" 2427
"C:/Users/wscke/Documents/GitHub/practicum-3/practicum3/Content/texures/T_NotOnPath1/not_on_path_1_low_DefaultMaterial_Emissive.uexp" 2428
"C:/Users/wscke/Documents/GitHub/practicum-3/practicum3/Content/texures/T_NotOnPath1/not_on_path_1_low_DefaultMaterial_BaseColor.ubulk" 2429
"C:/Users/wscke/Documents/GitHub/practicum-3/practicum3/Content/texures/T_NotOnPath1/not_on_path_1_low_DefaultMaterial_BaseColor.uasset" 2430
"C:/Users/wscke/Documents/GitHub/practicum-3/practicum3/Content/texures/T_NotOnPath1/not_on_path_1_low_DefaultMaterial_BaseColor.uexp" 2431
"C:/Users/wscke/Documents/GitHub/practicum-3/practicum3/Content/texures/T_NotOnPath1/not_on_path_1_low_DefaultMaterial_Normal.ubulk" 2432
"C:/Users/wscke/Documents/GitHub/practicum-3/practicum3/Content/texures/T_NotOnPath1/not_on_path_1_low_DefaultMaterial_Normal.uasset" 2433
"C:/Users/wscke/Documents/GitHub/practicum-3/practicum3/Content/texures/T_NotOnPath1/not_on_path_1_low_DefaultMaterial_Normal.uexp" 2434
"C:/Users/wscke/Documents/GitHub/practicum-3/practicum3/Content/texures/T_NotOnPath1/not_on_path_1_low_DefaultMaterial_OcclusionRoughnessMetallic.ubulk" 2435
"C:/Users/wscke/Documents/GitHub/practicum-3/practicum3/Content/texures/T_NotOnPath1/not_on_path_1_low_DefaultMaterial_OcclusionRoughnessMetallic.uasset" 2436
"C:/Users/wscke/Documents/GitHub/practicum-3/practicum3/Content/texures/T_NotOnPath1/not_on_path_1_low_DefaultMaterial_OcclusionRoughnessMetallic.uexp" 2437
"C:/Users/wscke/Documents/GitHub/practicum-3/practicum3/Content/textureSpheres/M_NotAPath1.uasset" 2438
"C:/Users/wscke/Documents/GitHub/practicum-3/practicum3/Content/textureSpheres/M_NotAPath1.uexp" 2439
"C:/Users/wscke/Documents/GitHub/practicum-3/practicum3/Content/Meshes/trappingAreas-paths/not_on_path_2_low.ubulk" 2440
"C:/Users/wscke/Documents/GitHub/practicum-3/practicum3/Content/Meshes/trappingAreas-paths/not_on_path_2_low.uasset" 2441
"C:/Users/wscke/Documents/GitHub/practicum-3/practicum3/Content/Meshes/trappingAreas-paths/not_on_path_2_low.uexp" 2442
"C:/Users/wscke/Documents/GitHub/practicum-3/practicum3/Content/blueprintEnvirment/floors/BP_groundDown.uasset" 2443
"C:/Users/wscke/Documents/GitHub/practicum-3/practicum3/Content/blueprintEnvirment/floors/BP_groundDown.uexp" 2444
"C:/Users/wscke/Documents/GitHub/practicum-3/practicum3/Content/Meshes/trappingAreas-paths/not_on_path_1_low.ubulk" 2445
"C:/Users/wscke/Documents/GitHub/practicum-3/practicum3/Content/Meshes/trappingAreas-paths/not_on_path_1_low.uasset" 2446
"C:/Users/wscke/Documents/GitHub/practicum-3/practicum3/Content/Meshes/trappingAreas-paths/not_on_path_1_low.uexp" 2447
"C:/Users/wscke/Documents/GitHub/practicum-3/practicum3/Content/blueprintEnvirment/floors/BP_Groundhill.uasset" 2448
"C:/Users/wscke/Documents/GitHub/practicum-3/practicum3/Content/blueprintEnvirment/floors/BP_Groundhill.uexp" 2449
"C:/Users/wscke/Documents/GitHub/practicum-3/practicum3/Content/blueprintEnvirment/decor/BP_Ruble.uasset" 2450
"C:/Users/wscke/Documents/GitHub/practicum-3/practicum3/Content/blueprintEnvirment/decor/BP_Ruble.uexp" 2451
"C:/Users/wscke/Documents/GitHub/practicum-3/practicum3/Content/texures/T_Tree_2/tree2_low__Material_Emissive.ubulk" 2452
"C:/Users/wscke/Documents/GitHub/practicum-3/practicum3/Content/texures/T_Tree_2/tree2_low__Material_Emissive.uasset" 2453
"C:/Users/wscke/Documents/GitHub/practicum-3/practicum3/Content/texures/T_Tree_2/tree2_low__Material_Emissive.uexp" 2454
"C:/Users/wscke/Documents/GitHub/practicum-3/practicum3/Content/texures/T_Tree_2/tree2_low__Material_OcclusionRoughnessMetallic.ubulk" 2455
"C:/Users/wscke/Documents/GitHub/practicum-3/practicum3/Content/texures/T_Tree_2/tree2_low__Material_OcclusionRoughnessMetallic.uasset" 2456
"C:/Users/wscke/Documents/GitHub/practicum-3/practicum3/Content/texures/T_Tree_2/tree2_low__Material_OcclusionRoughnessMetallic.uexp" 2457
"C:/Users/wscke/Documents/GitHub/practicum-3/practicum3/Content/texures/T_Tree_2/tree2_low__Material_BaseColor.ubulk" 2458
"C:/Users/wscke/Documents/GitHub/practicum-3/practicum3/Content/texures/T_Tree_2/tree2_low__Material_BaseColor.uasset" 2459
"C:/Users/wscke/Documents/GitHub/practicum-3/practicum3/Content/texures/T_Tree_2/tree2_low__Material_BaseColor.uexp" 2460
"C:/Users/wscke/Documents/GitHub/practicum-3/practicum3/Content/texures/T_Tree_2/tree2_low__Material_Normal.ubulk" 2461
"C:/Users/wscke/Documents/GitHub/practicum-3/practicum3/Content/texures/T_Tree_2/tree2_low__Material_Normal.uasset" 2462
"C:/Users/wscke/Documents/GitHub/practicum-3/practicum3/Content/texures/T_Tree_2/tree2_low__Material_Normal.uexp" 2463
"C:/Users/wscke/Documents/GitHub/practicum-3/practicum3/Content/textureSpheres/M_tree2.uasset" 2464
"C:/Users/wscke/Documents/GitHub/practicum-3/practicum3/Content/textureSpheres/M_tree2.uexp" 2465
"C:/Users/wscke/Documents/GitHub/practicum-3/practicum3/Content/Meshes/brush/Material.uasset" 2466
"C:/Users/wscke/Documents/GitHub/practicum-3/practicum3/Content/Meshes/brush/Material.uexp" 2467
"C:/Users/wscke/Documents/GitHub/practicum-3/practicum3/Content/Meshes/brush/tree2_low_.ubulk" 2468
"C:/Users/wscke/Documents/GitHub/practicum-3/practicum3/Content/Meshes/brush/tree2_low_.uasset" 2469
"C:/Users/wscke/Documents/GitHub/practicum-3/practicum3/Content/Meshes/brush/tree2_low_.uexp" 2470
"C:/Users/wscke/Documents/GitHub/practicum-3/practicum3/Content/blueprintEnvirment/brush/BP_tree2.uasset" 2471
"C:/Users/wscke/Documents/GitHub/practicum-3/practicum3/Content/blueprintEnvirment/brush/BP_tree2.uexp" 2472
"C:/Users/wscke/Documents/GitHub/practicum-3/practicum3/Content/Meshes/props/storage_box_low.ubulk" 2473
"C:/Users/wscke/Documents/GitHub/practicum-3/practicum3/Content/Meshes/props/storage_box_low.uasset" 2474
"C:/Users/wscke/Documents/GitHub/practicum-3/practicum3/Content/Meshes/props/storage_box_low.uexp" 2475
"C:/Users/wscke/Documents/GitHub/practicum-3/practicum3/Content/texures/T_StorageCrate/storage_box_low_DefaultMaterial_BaseColor.ubulk" 2476
"C:/Users/wscke/Documents/GitHub/practicum-3/practicum3/Content/texures/T_StorageCrate/storage_box_low_DefaultMaterial_BaseColor.uasset" 2477
"C:/Users/wscke/Documents/GitHub/practicum-3/practicum3/Content/texures/T_StorageCrate/storage_box_low_DefaultMaterial_BaseColor.uexp" 2478
"C:/Users/wscke/Documents/GitHub/practicum-3/practicum3/Content/texures/T_StorageCrate/storage_box_low_DefaultMaterial_OcclusionRoughnessMetallic.ubulk" 2479
"C:/Users/wscke/Documents/GitHub/practicum-3/practicum3/Content/texures/T_StorageCrate/storage_box_low_DefaultMaterial_OcclusionRoughnessMetallic.uasset" 2480
"C:/Users/wscke/Documents/GitHub/practicum-3/practicum3/Content/texures/T_StorageCrate/storage_box_low_DefaultMaterial_OcclusionRoughnessMetallic.uexp" 2481
"C:/Users/wscke/Documents/GitHub/practicum-3/practicum3/Content/texures/T_StorageCrate/storage_box_low_DefaultMaterial_Normal.ubulk" 2482
"C:/Users/wscke/Documents/GitHub/practicum-3/practicum3/Content/texures/T_StorageCrate/storage_box_low_DefaultMaterial_Normal.uasset" 2483
"C:/Users/wscke/Documents/GitHub/practicum-3/practicum3/Content/texures/T_StorageCrate/storage_box_low_DefaultMaterial_Normal.uexp" 2484
"C:/Users/wscke/Documents/GitHub/practicum-3/practicum3/Content/texures/T_StorageCrate/storage_box_low_DefaultMaterial_Emissive.ubulk" 2485
"C:/Users/wscke/Documents/GitHub/practicum-3/practicum3/Content/texures/T_StorageCrate/storage_box_low_DefaultMaterial_Emissive.uasset" 2486
"C:/Users/wscke/Documents/GitHub/practicum-3/practicum3/Content/texures/T_StorageCrate/storage_box_low_DefaultMaterial_Emissive.uexp" 2487
"C:/Users/wscke/Documents/GitHub/practicum-3/practicum3/Content/textureSpheres/M_woodenBox.uasset" 2488
"C:/Users/wscke/Documents/GitHub/practicum-3/practicum3/Content/textureSpheres/M_woodenBox.uexp" 2489
"C:/Users/wscke/Documents/GitHub/practicum-3/practicum3/Content/blueprintEnvirment/decor/BP_box.uasset" 2490
"C:/Users/wscke/Documents/GitHub/practicum-3/practicum3/Content/blueprintEnvirment/decor/BP_box.uexp" 2491
"C:/Users/wscke/Documents/GitHub/practicum-3/practicum3/Content/Meshes/brush/_leaves.ubulk" 2492
"C:/Users/wscke/Documents/GitHub/practicum-3/practicum3/Content/Meshes/brush/_leaves.uasset" 2493
"C:/Users/wscke/Documents/GitHub/practicum-3/practicum3/Content/Meshes/brush/_leaves.uexp" 2494
"C:/Users/wscke/Documents/GitHub/practicum-3/practicum3/Content/Meshes/brush/tree_low.ubulk" 2495
"C:/Users/wscke/Documents/GitHub/practicum-3/practicum3/Content/Meshes/brush/tree_low.uasset" 2496
"C:/Users/wscke/Documents/GitHub/practicum-3/practicum3/Content/Meshes/brush/tree_low.uexp" 2497
"C:/Users/wscke/Documents/GitHub/practicum-3/practicum3/Content/texures/leaves/Tree_Cluster_2.uasset" 2498
"C:/Users/wscke/Documents/GitHub/practicum-3/practicum3/Content/texures/leaves/Tree_Cluster_2.uexp" 2499
"C:/Users/wscke/Documents/GitHub/practicum-3/practicum3/Content/texures/leaves/Tree_Cluster_black_and_white.uasset" 2500
"C:/Users/wscke/Documents/GitHub/practicum-3/practicum3/Content/texures/leaves/Tree_Cluster_black_and_white.uexp" 2501
"C:/Users/wscke/Documents/GitHub/practicum-3/practicum3/Content/textureSpheres/M_Leaves.uasset" 2502
"C:/Users/wscke/Documents/GitHub/practicum-3/practicum3/Content/textureSpheres/M_Leaves.uexp" 2503
"C:/Users/wscke/Documents/GitHub/practicum-3/practicum3/Content/texures/T_Tree/tree_low_Material_BaseColor.ubulk" 2504
"C:/Users/wscke/Documents/GitHub/practicum-3/practicum3/Content/texures/T_Tree/tree_low_Material_BaseColor.uasset" 2505
"C:/Users/wscke/Documents/GitHub/practicum-3/practicum3/Content/texures/T_Tree/tree_low_Material_BaseColor.uexp" 2506
"C:/Users/wscke/Documents/GitHub/practicum-3/practicum3/Content/texures/T_Tree/tree_low_Material_Normal.ubulk" 2507
"C:/Users/wscke/Documents/GitHub/practicum-3/practicum3/Content/texures/T_Tree/tree_low_Material_Normal.uasset" 2508
"C:/Users/wscke/Documents/GitHub/practicum-3/practicum3/Content/texures/T_Tree/tree_low_Material_Normal.uexp" 2509
"C:/Users/wscke/Documents/GitHub/practicum-3/practicum3/Content/texures/T_Tree/tree_low_Material_Emissive.ubulk" 2510
"C:/Users/wscke/Documents/GitHub/practicum-3/practicum3/Content/texures/T_Tree/tree_low_Material_Emissive.uasset" 2511
"C:/Users/wscke/Documents/GitHub/practicum-3/practicum3/Content/texures/T_Tree/tree_low_Material_Emissive.uexp" 2512
"C:/Users/wscke/Documents/GitHub/practicum-3/practicum3/Content/texures/T_Tree/tree_low_Material_OcclusionRoughnessMetallic.ubulk" 2513
"C:/Users/wscke/Documents/GitHub/practicum-3/practicum3/Content/texures/T_Tree/tree_low_Material_OcclusionRoughnessMetallic.uasset" 2514
"C:/Users/wscke/Documents/GitHub/practicum-3/practicum3/Content/texures/T_Tree/tree_low_Material_OcclusionRoughnessMetallic.uexp" 2515
"C:/Users/wscke/Documents/GitHub/practicum-3/practicum3/Content/textureSpheres/M_TRee1.uasset" 2516
"C:/Users/wscke/Documents/GitHub/practicum-3/practicum3/Content/textureSpheres/M_TRee1.uexp" 2517
"C:/Users/wscke/Documents/GitHub/practicum-3/practicum3/Content/blueprintEnvirment/brush/BP_tree1.uasset" 2518
"C:/Users/wscke/Documents/GitHub/practicum-3/practicum3/Content/blueprintEnvirment/brush/BP_tree1.uexp" 2519
"C:/Users/wscke/Documents/GitHub/practicum-3/practicum3/Content/Meshes/trappingAreas-paths/not_on_path_3_low.ubulk" 2520
"C:/Users/wscke/Documents/GitHub/practicum-3/practicum3/Content/Meshes/trappingAreas-paths/not_on_path_3_low.uasset" 2521
"C:/Users/wscke/Documents/GitHub/practicum-3/practicum3/Content/Meshes/trappingAreas-paths/not_on_path_3_low.uexp" 2522
"C:/Users/wscke/Documents/GitHub/practicum-3/practicum3/Content/texures/T_NotOnPath3/not_on_path_3_low_DefaultMaterial_OcclusionRoughnessMetallic.ubulk" 2523
"C:/Users/wscke/Documents/GitHub/practicum-3/practicum3/Content/texures/T_NotOnPath3/not_on_path_3_low_DefaultMaterial_OcclusionRoughnessMetallic.uasset" 2524
"C:/Users/wscke/Documents/GitHub/practicum-3/practicum3/Content/texures/T_NotOnPath3/not_on_path_3_low_DefaultMaterial_OcclusionRoughnessMetallic.uexp" 2525
"C:/Users/wscke/Documents/GitHub/practicum-3/practicum3/Content/texures/T_NotOnPath3/not_on_path_3_low_DefaultMaterial_Normal.ubulk" 2526
"C:/Users/wscke/Documents/GitHub/practicum-3/practicum3/Content/texures/T_NotOnPath3/not_on_path_3_low_DefaultMaterial_Normal.uasset" 2527
"C:/Users/wscke/Documents/GitHub/practicum-3/practicum3/Content/texures/T_NotOnPath3/not_on_path_3_low_DefaultMaterial_Normal.uexp" 2528
"C:/Users/wscke/Documents/GitHub/practicum-3/practicum3/Content/texures/T_NotOnPath3/not_on_path_3_low_DefaultMaterial_Emissive.ubulk" 2529
"C:/Users/wscke/Documents/GitHub/practicum-3/practicum3/Content/texures/T_NotOnPath3/not_on_path_3_low_DefaultMaterial_Emissive.uasset" 2530
"C:/Users/wscke/Documents/GitHub/practicum-3/practicum3/Content/texures/T_NotOnPath3/not_on_path_3_low_DefaultMaterial_Emissive.uexp" 2531
"C:/Users/wscke/Documents/GitHub/practicum-3/practicum3/Content/texures/T_NotOnPath3/not_on_path_3_low_DefaultMaterial_BaseColor.ubulk" 2532
"C:/Users/wscke/Documents/GitHub/practicum-3/practicum3/Content/texures/T_NotOnPath3/not_on_path_3_low_DefaultMaterial_BaseColor.uasset" 2533
"C:/Users/wscke/Documents/GitHub/practicum-3/practicum3/Content/texures/T_NotOnPath3/not_on_path_3_low_DefaultMaterial_BaseColor.uexp" 2534
"C:/Users/wscke/Documents/GitHub/practicum-3/practicum3/Content/textureSpheres/M_NotAPath3.uasset" 2535
"C:/Users/wscke/Documents/GitHub/practicum-3/practicum3/Content/textureSpheres/M_NotAPath3.uexp" 2536
"C:/Users/wscke/Documents/GitHub/practicum-3/practicum3/Content/blueprintEnvirment/floors/BP_GroundNormal.uasset" 2537
"C:/Users/wscke/Documents/GitHub/practicum-3/practicum3/Content/blueprintEnvirment/floors/BP_GroundNormal.uexp" 2538
"C:/Users/wscke/Documents/GitHub/practicum-3/practicum3/Content/Meshes/brush/grass.ubulk" 2539
"C:/Users/wscke/Documents/GitHub/practicum-3/practicum3/Content/Meshes/brush/grass.uasset" 2540
"C:/Users/wscke/Documents/GitHub/practicum-3/practicum3/Content/Meshes/brush/grass.uexp" 2541
"C:/Users/wscke/Documents/GitHub/practicum-3/practicum3/Content/texures/grass/Grass_White_Map.uasset" 2542
"C:/Users/wscke/Documents/GitHub/practicum-3/practicum3/Content/texures/grass/Grass_White_Map.uexp" 2543
"C:/Users/wscke/Documents/GitHub/practicum-3/practicum3/Content/texures/grass/Grass.uasset" 2544
"C:/Users/wscke/Documents/GitHub/practicum-3/practicum3/Content/texures/grass/Grass.uexp" 2545
"C:/Users/wscke/Documents/GitHub/practicum-3/practicum3/Content/textureSpheres/M_Grass.uasset" 2546
"C:/Users/wscke/Documents/GitHub/practicum-3/practicum3/Content/textureSpheres/M_Grass.uexp" 2547
"C:/Users/wscke/Documents/GitHub/practicum-3/practicum3/Content/blueprintEnvirment/brush/BP_Grass.uasset" 2548
"C:/Users/wscke/Documents/GitHub/practicum-3/practicum3/Content/blueprintEnvirment/brush/BP_Grass.uexp" 2549
"C:/Users/wscke/Documents/GitHub/practicum-3/practicum3/Content/levels/CornerTree.uexp" 2550
"C:/Users/wscke/Documents/GitHub/practicum-3/practicum3/Content/levels/CornerTree.umap" 2551
"C:/Users/wscke/Documents/GitHub/practicum-3/practicum3/Content/Meshes/props/tree_decor.ubulk" 2552
"C:/Users/wscke/Documents/GitHub/practicum-3/practicum3/Content/Meshes/props/tree_decor.uasset" 2553
"C:/Users/wscke/Documents/GitHub/practicum-3/practicum3/Content/Meshes/props/tree_decor.uexp" 2554
"C:/Users/wscke/Documents/GitHub/practicum-3/practicum3/Content/texures/T_TreeDecor/tree_decor_2_Wood_Emissive.ubulk" 2555
"C:/Users/wscke/Documents/GitHub/practicum-3/practicum3/Content/texures/T_TreeDecor/tree_decor_2_Wood_Emissive.uasset" 2556
"C:/Users/wscke/Documents/GitHub/practicum-3/practicum3/Content/texures/T_TreeDecor/tree_decor_2_Wood_Emissive.uexp" 2557
"C:/Users/wscke/Documents/GitHub/practicum-3/practicum3/Content/texures/T_TreeDecor/tree_decor_2_Wood_OcclusionRoughnessMetallic.ubulk" 2558
"C:/Users/wscke/Documents/GitHub/practicum-3/practicum3/Content/texures/T_TreeDecor/tree_decor_2_Wood_OcclusionRoughnessMetallic.uasset" 2559
"C:/Users/wscke/Documents/GitHub/practicum-3/practicum3/Content/texures/T_TreeDecor/tree_decor_2_Wood_OcclusionRoughnessMetallic.uexp" 2560
"C:/Users/wscke/Documents/GitHub/practicum-3/practicum3/Content/texures/T_TreeDecor/tree_decor_2_Wood_BaseColor.ubulk" 2561
"C:/Users/wscke/Documents/GitHub/practicum-3/practicum3/Content/texures/T_TreeDecor/tree_decor_2_Wood_BaseColor.uasset" 2562
"C:/Users/wscke/Documents/GitHub/practicum-3/practicum3/Content/texures/T_TreeDecor/tree_decor_2_Wood_BaseColor.uexp" 2563
"C:/Users/wscke/Documents/GitHub/practicum-3/practicum3/Content/texures/T_TreeDecor/tree_decor_2_Wood_Normal.ubulk" 2564
"C:/Users/wscke/Documents/GitHub/practicum-3/practicum3/Content/texures/T_TreeDecor/tree_decor_2_Wood_Normal.uasset" 2565
"C:/Users/wscke/Documents/GitHub/practicum-3/practicum3/Content/texures/T_TreeDecor/tree_decor_2_Wood_Normal.uexp" 2566
"C:/Users/wscke/Documents/GitHub/practicum-3/practicum3/Content/textureSpheres/M_WoodenSmallTree.uasset" 2567
"C:/Users/wscke/Documents/GitHub/practicum-3/practicum3/Content/textureSpheres/M_WoodenSmallTree.uexp" 2568
"C:/Users/wscke/Documents/GitHub/practicum-3/practicum3/Content/blueprintEnvirment/decor/BP_Tree_Decor.uasset" 2569
"C:/Users/wscke/Documents/GitHub/practicum-3/practicum3/Content/blueprintEnvirment/decor/BP_Tree_Decor.uexp" 2570
"C:/Users/wscke/Documents/GitHub/practicum-3/practicum3/Content/ThirdPerson/Blueprints/BP_ThirdPersonGameMode.uasset" 2571
"C:/Users/wscke/Documents/GitHub/practicum-3/practicum3/Content/ThirdPerson/Blueprints/BP_ThirdPersonGameMode.uexp" 2572
"C:/Users/wscke/Documents/GitHub/practicum-3/practicum3/Content/levels/TheDecrepedHalls.uexp" 2573
"C:/Users/wscke/Documents/GitHub/practicum-3/practicum3/Content/levels/TheDecrepedHalls.umap" 2574
"../../../Engine/Content/Maps/Entry_BuiltData.uasset" 2575
"../../../Engine/Content/Maps/Entry_BuiltData.uexp" 2576
"../../../Engine/Content/Maps/Entry.uexp" 2577
"../../../Engine/Content/Maps/Entry.umap" 2578
"C:/Users/wscke/Documents/GitHub/practicum-3/practicum3/Content/ThirdPerson/Maps/ThirdPersonMap.uexp" 2579
"C:/Users/wscke/Documents/GitHub/practicum-3/practicum3/Content/ThirdPerson/Maps/ThirdPersonMap.umap" 2580
"C:/Users/wscke/Documents/GitHub/practicum-3/practicum3/Content/PeoplesFolders/exsampleFolder/L_MapTest.uexp" 2581
"C:/Users/wscke/Documents/GitHub/practicum-3/practicum3/Content/PeoplesFolders/exsampleFolder/L_MapTest.umap" 2582
